,0
0,LINC01409
1,FAM87B
2,FAM41C
3,KLHL17
4,HES4
5,AGRN
6,C1orf159
7,TNFRSF18
8,TNFRSF4
9,RP5-902P8.12
10,INTS11
11,MXRA8
12,CCNL2
13,VWA1
14,ATAD3C
15,FNDC10
16,RP11-345P4.9
17,CDK11B
18,SLC35E2A
19,NADK
20,GABRD
21,PRKCZ
22,SKI
23,RP3-395M20.12
24,PRXL2B
25,PRDM16
26,SMIM1
27,LRRC47
28,C1orf174
29,LINC01134
30,AJAP1
31,NPHP4
32,RP1-202O8.3
33,PLEKHG5
34,NOL9
35,UTS2
36,TNFRSF9
37,SLC45A1
38,ENO1
39,LNCTAM34A
40,CLSTN1
41,RBP7
42,UBE4B
43,PEX14
44,CASZ1
45,EXOSC10
46,EXOSC10-AS1
47,RP3-330O12.5
48,DRAXIN
49,MTHFR
50,MFN2
51,TNFRSF8
52,TNFRSF1B
53,VPS13D
54,DHRS3
55,PDPN
56,KAZN
57,CASP9
58,DDI2
59,PLEKHM2
60,UQCRHL
61,ZBTB17
62,RP11-276H7.2
63,ARHGEF19
64,CPLANE2
65,SZRD1
66,SPATA21
67,RP4-798A10.7
68,NBPF1
69,CROCC
70,RP11-108M9.6
71,MFAP2
72,ATP13A2
73,RCC2
74,AKR7A2
75,MICOS10
76,OTUD3
77,CAMK2N1
78,MUL1
79,PINK1-AS
80,DDOST
81,NBPF3
82,ALPL
83,USP48
84,LDLRAD2
85,HSPG2
86,CDC42
87,WNT4
88,C1QA
89,C1QC
90,C1QB
91,LUZP1
92,ID3
93,FUCA1
94,CNR2
95,PNRC2
96,NIPAL3
97,CLIC4
98,RUNX3
99,SYF2
100,RSRP1
101,RP3-465N24.6
102,RHD
103,AUNIP
104,STMN1
105,PAFAH2
106,FAM110D
107,ZNF593OS
108,CD52
109,ZNF683
110,HMGN2
111,RPS6KA1
112,SFN
113,TENT5B
114,WDTC1
115,TMEM222
116,SYTL1
117,FCN3
118,WASF2
119,AHDC1
120,FGR
121,THEMIS2
122,SESN2
123,MED18
124,PHACTR4
125,SNHG12
126,MATN1
127,MATN1-AS1
128,SDC3
129,RP11-73M7.9
130,RP11-84A19.4
131,PTP4A2
132,KHDRBS1
133,TXLNA
134,TMEM234
135,EIF3I
136,LCK
137,HDAC1
138,MARCKSL1
139,FAM229A
140,BSDC1
141,ZBTB8A
142,SYNC
143,AK2
144,CSMD2
145,SMIM12
146,GJA4
147,DLGAP3
148,ZMYM6
149,ZMYM1
150,NCDN
151,TFAP2E-AS1
152,PSMB2
153,AGO3
154,ADPRS
155,COL8A2
156,TRAPPC3
157,MAP7D1
158,THRAP3
159,SH3D21
160,LSM10
161,CSF3R
162,LINC01137
163,MEAF6
164,DNALI1
165,CDCA8
166,MANEAL
167,INPP5B
168,RRAGC
169,RP5-864K19.4
170,MYCBP
171,AKIRIN1
172,HEYL
173,BMP8B
174,TRIT1
175,MYCL
176,CAP1
177,TMCO2
178,COL9A2
179,ZFP69
180,EXO5
181,CITED4
182,SLFNL1-AS1
183,RIMKLA
184,ZMYND12
185,PPCS
186,PPIH
187,YBX1
188,ERMAP
189,ZNF691
190,SLC2A1-AS1
191,TMEM125
192,ELOVL1
193,SZT2
194,HYI
195,PTPRF
196,KDM4A
197,KDM4A-AS1
198,ARTN
199,DPH2
200,SLC6A9
201,DMAP1
202,RNF220
203,TMEM53
204,KIF2C
205,DYNLT4
206,PTCH2
207,HECTD3
208,ZSWIM5
209,MUTYH
210,NASP
211,GPBP1L1
212,MAST2
213,PIK3R3
214,TSPAN1
215,LRRC41
216,UQCRH
217,NSUN4
218,FAAH
219,ATPAF1
220,PDZK1IP1
221,FOXD2-AS1
222,FOXD2
223,SPATA6
224,FAF1
225,OSBPL9
226,NRDC
227,TXNDC12
228,ZFYVE9
229,CC2D1B
230,PRPF38A
231,GPX7
232,ZYG11B
233,SCP2
234,RP5-1024G6.7
235,MAGOH
236,LRP8
237,NDC1
238,TMEM59
239,TCEANC2
240,MRPL37
241,TMEM61
242,MIR4422HG
243,TACSTD2
244,LINC01358
245,NFIA
246,PATJ-DT
247,ATG4C
248,ITGB3BP
249,EFCAB7
250,PGM1
251,RAVER2
252,JAK1
253,PDE4B
254,SGIP1
255,DYNLT5
256,IL23R
257,IL12RB2
258,SERBP1
259,GADD45A
260,WLS
261,LRRC7
262,SRSF11
263,HHLA3
264,PTGER3
265,FPGT
266,CRYZ
267,SLC44A5
268,ST6GALNAC5
269,AK5
270,USP33
271,MIGA1
272,NEXN-AS1
273,NEXN
274,IFI44L
275,ADGRL4
276,LINC01781
277,ADGRL2
278,DNASE2B
279,LPAR3
280,MCOLN2
281,BCL10
282,CCN1
283,CLCA4
284,SELENOF
285,PKN2-AS1
286,GTF2B
287,GBP2
288,GBP5
289,LRRC8C-DT
290,LRRC8C
291,ZNF644
292,TGFBR3
293,RPAP2
294,EVI5
295,RPL5
296,TMED5
297,FNBP1L
298,DNTTIP2
299,GCLM
300,ABCD3
301,F3
302,CNN3
303,ALG14
304,TLCD4
305,RWDD3
306,SNX7
307,PLPPR4
308,AGL
309,RP5-884G6.2
310,SASS6
311,TRMT13
312,DBT
313,CDC14A
314,VCAM1
315,S1PR1
316,VAV3
317,LINC02785
318,FAM102B
319,FNDC7
320,WDR47
321,TMEM167B-DT
322,SCARNA2_ENSG00000270066
323,ELAPOR1
324,PSRC1
325,ATXN7L2
326,CYB561D1
327,CSF1
328,AHCYL1
329,ALX3
330,KCNC4
331,RBM15
332,RP5-1074L1.4
333,LAMTOR5
334,KCNA3
335,CD53
336,RP11-96K19.2
337,LRIF1
338,DENND2D
339,WDR77
340,C1orf162
341,TMIGD3
342,ADORA3
343,RAP1A
344,CTTNBP2NL
345,CAPZA1
346,RHOC
347,PPM1J
348,LRIG2-DT
349,MAGI3
350,PTPN22
351,AP4B1-AS1
352,BCL2L15
353,HIPK1-AS1
354,OLFML3
355,TSPAN2
356,NGF
357,CASQ2
358,SLC22A15
359,LINC01762
360,CD58
361,CD2
362,TTF2
363,TRIM45
364,VTCN1
365,GDAP2
366,NOTCH2
367,SEC22B
368,FCGR1B
369,RP11-403I13.5
370,LINC02591
371,NBPF15
372,CH17-373J23.1
373,RNF115
374,LIX1L-AS1
375,NOTCH2NLA
376,BCL9
377,ACP6
378,GJA5
379,NBPF11
380,PPIAL4G
381,NUDT4B
382,NBPF19
383,FCGR1A
384,H4C15
385,RP11-196G18.23
386,H2AC20
387,PLEKHO1
388,ANP32E
389,C1orf54
390,CIART
391,RPRD2
392,TARS2
393,FALEC
394,ADAMTSL4
395,ENSA
396,CTSS
397,CTSK
398,GABPB2
399,TNFAIP8L2
400,SCNM1
401,VPS72
402,RFX5
403,RFX5-AS1
404,POGZ
405,RORC
406,S100A11
407,TCHH
408,S100A9
409,S100A12
410,S100A8
411,S100A6
412,S100A4
413,S100A14
414,S100A13
415,S100A1
416,CREB3L4
417,RPS27
418,UBAP2L
419,IL6R
420,SHE
421,UBE2Q1
422,KCNN3
423,PBXIP1
424,PYGO2
425,CKS1B
426,MUC1
427,THBS3
428,FAM189B
429,HCN3
430,ASH1L
431,MSTO1
432,KHDC4
433,SSR2
434,UBQLN4
435,MEX3A
436,PMF1
437,TTC24
438,NES
439,CRABP2
440,HDGF
441,FCRL5
442,FCRL3
443,FCRL1
444,CD1D
445,RP11-404O13.5
446,CD1A
447,CD1C
448,CD1B
449,MNDA
450,PYHIN1
451,AIM2
452,ACKR1
453,FCER1A
454,DUSP23
455,SLAMF8
456,TAGLN2
457,ATP1A2
458,PEA15
459,PEX19
460,NHLH1
461,SLAMF6
462,CD84
463,CD48
464,SLAMF7
465,LY9
466,CD244
467,TSTD1
468,UFC1
469,PPOX
470,FCER1G
471,NR1I3
472,MPZ
473,FCGR2A
474,HSPA6
475,FCGR3A
476,FCGR3B
477,FCGR2B
478,FCRLA
479,FCRLB
480,DUSP12
481,RP11-474I16.8
482,ATF6
483,SH2D1B
484,UHMK1
485,HSD17B7
486,NUF2
487,ALDH9A1
488,TMCO1-AS1
489,ILDR2
490,CD247
491,RP11-104L21.3
492,RCSD1
493,MPC2
494,TIPRL
495,SFT2D2
496,RP5-968D22.3
497,XCL2
498,XCL1
499,DPT
500,ATP1B1
501,NME7
502,F5
503,SELP
504,SELL
505,SELE
506,PRRX1
507,RP1-79C4.4
508,FMO2
509,DNM3
510,SUCO
511,FASLG
512,TNFSF18
513,TNFSF4
514,PRDX6
515,CENPL
516,DARS2
517,ZBTB37
518,TNR
519,RP11-492I21.1
520,ASTN1
521,RALGPS2-AS1
522,RALGPS2
523,ANGPTL1
524,TOR3A
525,RP11-533E19.7
526,LHX4
527,KIAA1614-AS1
528,GLUL
529,RGS16
530,LINC01686
531,NPL
532,DHX9
533,NCF2
534,RGL1
535,COLGALT2
536,EDEM3
537,NIBAN1
538,RNF2
539,TRMT1L
540,RGS18
541,RP11-139E24.1
542,RP5-1011O1.3
543,RGS1
544,RGS13
545,RGS2
546,UCHL5
547,B3GALT2
548,CFH
549,ASPM
550,ZBTB41
551,DENND1B
552,NEK7
553,RP11-553K8.5
554,MIR181A1HG
555,DDX59
556,KIF21B
557,PKP1
558,IPO9
559,SHISA4
560,RNPEP
561,ARL8A
562,LGR6
563,CHIT1
564,BTG2
565,ATP2B4
566,ZC3H11A
567,ZBED6
568,SNRPE
569,ETNK2
570,KISS1
571,MDM4
572,LRRN2
573,TMEM81
574,DSTYK
575,ELK4
576,SLC45A3
577,NUCKS1
578,SLC41A1
579,RASSF5
580,EIF2D
581,IL10
582,IL24
583,FCMR
584,C4BPA
585,CD55
586,CR2
587,CR1
588,MIR29B2CHG
589,LAMB3
590,G0S2
591,TRAF3IP3
592,SERTAD4-AS1
593,SERTAD4
594,HHAT
595,TRAF5
596,SLC30A1
597,NEK2
598,RP11-384C4.7
599,LINC01740
600,RP11-61J19.5
601,BATF3
602,FLVCR1
603,VASH2
604,RPS6KC1
605,PROX1
606,CENPF
607,KCTD3
608,GPATCH2
609,RRP15
610,TGFB2
611,LYPLAL1
612,EPRS1
613,BPNT1
614,MTARC1
615,LINC02817
616,RP11-378J18.8
617,AIDA
618,BROX
619,FAM177B
620,TLR5
621,CAPN8
622,FBXO28
623,NVL
624,CNIH4
625,LBR
626,PARP1
627,ITPKB
628,ITPKB-AS1
629,CDC42BPA
630,ZNF678
631,SNAP47
632,ARF1
633,MRPL55
634,OBSCN-AS1
635,H2AW
636,RNF187
637,RHOU
638,RP4-803J11.2
639,NUP133
640,ARV1
641,GNPAT
642,EXOC8
643,RP11-295G20.2
644,TSNAX
645,SIPA1L2
646,TOMM20
647,GGPS1
648,LYST
649,GPR137B
650,ERO1B
651,LGALS8-AS1
652,OPN3
653,CHML
654,EXO1
655,PLD5
656,ZBTB18
657,ADSS2
658,COX20
659,EFCAB2
660,SMYD3
661,CNST
662,RP11-488L18.10
663,RP11-488L18.8
664,NLRP3
665,GCSAML
666,PXDN
667,TRAPPC12
668,COLEC11
669,DCDC2C
670,CMPK2
671,RSAD2
672,LINC01871
673,ID2
674,MBOAT2
675,ASAP2
676,IAH1
677,TAF1B
678,RP11-95D17.1
679,RP11-254F7.2
680,HPCAL1
681,ODC1
682,LINC01954
683,SLC66A3
684,TRIB2
685,CYRIA
686,VSNL1
687,SMC6
688,LINC01376
689,TTC32-DT
690,SDC1
691,GDF7
692,ATAD2B
693,FKBP1B
694,FAM228B
695,TP53I3
696,PFN4
697,DNAJC27
698,DTNB-AS1
699,HADHA
700,SELENOI
701,DRC1
702,SLC35F6
703,DPYSL5
704,OST4
705,CGREF1
706,PREB
707,ATRAID
708,CAD
709,EIF2B4
710,ZNF512
711,CCDC121
712,GPN1
713,RBKS
714,BABAM2
715,FOSL2
716,RP11-373D23.3
717,PPP1CB
718,SPDYA
719,TRMT61B
720,TOGARAM2
721,CLIP4
722,ALK
723,LBH
724,CAPN13
725,GALNT14
726,SLC30A6
727,NLRC4
728,BIRC6
729,RP11-78I14.1
730,FEZ2
731,STRN
732,CEBPZOS
733,NDUFAF7
734,AC006369.2
735,SRSF7
736,TMEM178A
737,SLC8A1
738,EML4
739,COX7A2L
740,MTA3
741,OXER1
742,HAAO
743,ZFP36L2
744,AC010883.5
745,THADA
746,SRBD1
747,EPAS1
748,RHOQ-AS1
749,SOCS5
750,TTC7A
751,CALM2
752,EPCAM
753,MSH2
754,PPP1R21
755,RP11-477N3.1
756,CLHC1
757,RPS27A
758,CCDC88A
759,EFEMP1
760,FANCL
761,PUS10
762,C2orf74
763,USP34
764,XPO1
765,UGP2
766,VPS54
767,PELI1
768,AFTPH
769,AC007365.3
770,LINC01800
771,SLC1A4
772,LINC02576
773,SPRED2
774,MEIS1
775,MEIS1-AS2
776,WDR92
777,PPP3R1
778,RP11-474G23.3
779,PLEK
780,APLF
781,ARHGAP25
782,NFU1
783,ANXA4
784,PCBP1
785,LINC01816
786,SNRPG
787,CD207
788,ANKRD53
789,TEX261
790,MPHOSPH10
791,ZNF638
792,RP11-236P2.2
793,RAB11FIP5
794,SMYD5
795,FBXO41
796,ALMS1
797,ACTG2
798,DGUOK
799,MOB1A
800,SLC4A5
801,C2orf81
802,MRPL53
803,CCDC142
804,TTC31
805,LBX2-AS1
806,PCGF1
807,SEMA4F
808,TACR1
809,MRPL19
810,GCFC2
811,RP11-342K6.1
812,TMSB10
813,KCMF1
814,TGOLN2
815,ELMOD3
816,CAPG
817,MAT2A
818,VAMP8
819,VAMP5
820,GNLY
821,ATOH8
822,ST3GAL5
823,POLR1A
824,IMMT
825,CHMP3
826,CD8A
827,CD8B
828,LINC01943
829,CYTOR
830,RP11-1399P15.1
831,THNSL2
832,EIF2AK3
833,RPIA
834,IGKV3-20
835,MAL
836,GPAT2
837,ADRA2B
838,DUSP2
839,STARD7
840,CIAO1
841,SNRNP200
842,NEURL3
843,CNNM4
844,ANKRD23
845,SEMA4C
846,FAHD2B
847,ANKRD36
848,AC159540.1
849,ANKRD36B
850,ACTR1B
851,C2orf92
852,TMEM131
853,INPP4A
854,MGAT4A
855,CRACDL
856,C2orf15
857,LYG2
858,TXNDC9
859,EIF5B
860,AFF3
861,IL1R2
862,IL1R1
863,IL1RL1
864,IL18R1
865,MFSD9
866,TMEM182
867,POU3F3
868,NCK2
869,ECRG4
870,CD8B2
871,SULT1C4
872,GCC2
873,SH3RF3
874,SOWAHC
875,MALL
876,BCL2L11
877,RP11-181E10.3
878,RP11-803D5.4
879,ANAPC1
880,MERTK
881,TMEM87B
882,POLR1B
883,SLC20A1
884,IL1A
885,IL1B
886,IL1RN
887,PSD4
888,PGM5P4-AS1
889,RP11-141B14.1
890,EN1
891,MARCO
892,DBI
893,TMEM37
894,TMEM177
895,EPB41L5
896,RALB
897,NIFK-AS1
898,BIN1
899,LIMS2
900,SFT2D3
901,SAP130
902,UGGT1
903,SMPD4
904,IMP4
905,PTPN18
906,MGAT5
907,TMEM163
908,R3HDM1
909,UBXN4
910,DARS1
911,CXCR4
912,HNMT
913,LRP1B
914,ARHGAP15
915,GTDC1
916,ZEB2
917,TEX41
918,LYPD6B
919,LYPD6
920,RBM43
921,NMI
922,TNFAIP6
923,ARL5A
924,CACNB4
925,FMNL2
926,PRPF40A
927,RPRM
928,CYTIP
929,PKP4
930,TANC1
931,BAZ2B
932,CD302
933,TANK
934,SLC4A10
935,DPP4
936,GCA
937,FIGN
938,COBLL1
939,SLC38A11
940,SCN3A
941,GALNT3
942,TTC21B
943,SCN9A
944,B3GALT1
945,CERS6
946,NOSTRIN
947,SPC25
948,DHRS9
949,CCDC173
950,PHOSPHO2
951,KLHL23
952,SP5
953,GORASP2
954,TLK1
955,CYBRD1
956,SLC25A12
957,DLX2
958,ITGA6
959,PDK1
960,MAP3K20
961,OLA1
962,SCRN3
963,GPR155
964,WIPF1
965,CHN1
966,ATF2
967,ATP5MC3
968,HOXD10
969,HOXD3
970,HOXD4
971,HAGLR
972,MTX2
973,AC079305.10
974,RBM45
975,PRKRA
976,TTN-AS1
977,TTN
978,RP11-171I2.4
979,CCDC141
980,RP11-366L5.1
981,ITPRID2
982,PDE1A
983,DUSP19
984,NUP35
985,RP11-363K21.1
986,ZC3H15
987,AC017101.10
988,FAM171B
989,CALCRL
990,OSGEPL1
991,OSGEPL1-AS1
992,PMS1
993,STAT1
994,STAT4
995,NABP1
996,CAVIN2
997,SLC39A10
998,HECW2
999,HECW2-AS1
1000,PGAP1
1001,ANKRD44
1002,ANKRD44-AS1
1003,COQ10B
1004,HSPD1
1005,HSPE1
1006,MARS2
1007,PLCL1
1008,SPATS2L
1009,KCTD18
1010,CLK1
1011,PPIL3
1012,ORC2
1013,FAM126B
1014,NDUFB3
1015,CASP10
1016,FLACC1
1017,TRAK2
1018,STRADB
1019,TMEM237
1020,ALS2
1021,FZD7
1022,KIAA2012
1023,AC079354.5
1024,SUMO1
1025,BMPR2
1026,ICA1L
1027,ABI2
1028,CD28
1029,CTLA4
1030,ICOS
1031,NRP2
1032,AC007383.3
1033,EEF1B2
1034,ADAM23
1035,AC008269.2
1036,LINC01857
1037,PIKFYVE
1038,LANCL1
1039,CPS1
1040,ERBB4
1041,IKZF2
1042,ATIC
1043,AC093382.1
1044,MREG
1045,XRCC5
1046,LINC01963
1047,IGFBP2
1048,IGFBP5
1049,CXCR2
1050,CXCR1
1051,ARPC2
1052,GPBAR1
1053,PNKD
1054,SLC11A1
1055,RP11-378A13.2
1056,CNOT9
1057,TTLL4
1058,CYP27A1
1059,WNT10A
1060,CFAP65
1061,SLC23A3
1062,ATG9A
1063,STK16
1064,DES
1065,INHA
1066,SGPP2
1067,ACSL3
1068,KCNE4
1069,AC013448.1
1070,FAM124B
1071,CUL3
1072,DOCK10
1073,IRS1
1074,COL4A3
1075,AGFG1
1076,CCL20
1077,PID1
1078,FBXO36
1079,AC009950.2
1080,SP110
1081,SP140
1082,SP140L
1083,CAB39
1084,GPR55
1085,PSMD1
1086,HTR2B
1087,B3GNT7
1088,NCL
1089,LINC00471
1090,NMUR1
1091,PTMA
1092,EIF4E2
1093,EFHD1
1094,SNORC
1095,INPP5D
1096,SAG
1097,DGKD
1098,HJURP
1099,ARL4C
1100,SH3BP4
1101,AGAP1
1102,ACKR3
1103,COPS8
1104,COL6A3
1105,MLPH
1106,RAB17
1107,SCLY
1108,HES6
1109,NDUFA10
1110,GPC1
1111,DUSP28
1112,GPR35
1113,MTERF4
1114,PASK
1115,SEPTIN2
1116,FARP2
1117,BOK
1118,THAP4
1119,DTYMK
1120,ING5
1121,D2HGDH
1122,PDCD1
1123,RTP5
1124,SETMAR
1125,EGOT
1126,AC018816.3
1127,BHLHE40
1128,ARL8B
1129,EDEM1
1130,GRM7
1131,SSUH2
1132,OXTR
1133,SRGAP3
1134,THUMPD3
1135,MTMR14
1136,OGG1
1137,CAMK1
1138,TTLL3
1139,RPUSD3
1140,IL17RC
1141,CRELD1
1142,RP11-1020A11.2
1143,FANCD2
1144,GHRLOS
1145,SLC6A11
1146,SYN2
1147,TIMP4
1148,TSEN2
1149,CAND2
1150,CHCHD4
1151,MRPS25
1152,CAPN7
1153,EAF1
1154,ANKRD28
1155,GALNT15
1156,OXNAD1
1157,RP11-415F23.2
1158,TBC1D5
1159,RAB5A
1160,ZNF385D
1161,NKIRAS1
1162,RPL15
1163,NR1D2
1164,TOP2B
1165,OXSM
1166,NEK10
1167,EOMES
1168,CMC1
1169,AZI2
1170,ZCWPW2
1171,RBMS3-AS3
1172,RBMS3-AS2
1173,TGFBR2
1174,STT3B
1175,OSBPL10
1176,GPD1L
1177,CMTM7
1178,CCR4
1179,SUSD5
1180,CLASP2
1181,RP11-129K12.1
1182,PLCD1
1183,DLEC1
1184,OXSR1
1185,ACVR2B
1186,SCN11A
1187,CX3CR1
1188,CCR8
1189,RPSA
1190,MYRIP
1191,ENTPD3-AS1
1192,ENTPD3
1193,ZNF619
1194,ZNF620
1195,ULK4
1196,TRAK1
1197,NKTR
1198,RP4-613B23.1
1199,ACKR2
1200,ABHD5
1201,TCAIM
1202,ZNF445
1203,ZNF197
1204,ZNF501
1205,TMEM42
1206,EXOSC7
1207,CDCP1
1208,LIMD1
1209,SACM1L
1210,LZTFL1
1211,XCR1
1212,CCR1
1213,CCR2
1214,CCR5AS
1215,LTF
1216,LRRC2
1217,ALS2CL
1218,NBEAL2
1219,KIF9-AS1
1220,RP11-708J19.1
1221,PTPN23
1222,SMARCC1
1223,DHX30
1224,NME6
1225,PFKFB4
1226,UQCRC1
1227,CELSR3
1228,NCKIPSD
1229,PRKAR2A-AS1
1230,SLC25A20
1231,RP13-131K19.1
1232,P4HTM
1233,WDR6
1234,QRICH1
1235,RP11-3B7.1
1236,C3orf62
1237,RHOA
1238,MST1
1239,RNF123
1240,INKA1
1241,UBA7
1242,MON1A
1243,RBM5-AS1
1244,GNAI2
1245,U73166.2
1246,SEMA3B
1247,RASSF1
1248,HEMK1
1249,CISH
1250,MAPKAPK3
1251,TEX264
1252,PARP3
1253,ABHD14A
1254,DUSP7
1255,ALAS1
1256,GLYCTK
1257,DNAH1
1258,SEMA3G
1259,STAB1
1260,SMIM4
1261,GLT8D1
1262,PRKCD
1263,CHDH
1264,IL17RB
1265,ACTR8
1266,SELENOK
1267,CACNA2D3
1268,WNT5A
1269,HESX1
1270,SLMAP
1271,RPP14
1272,PXK
1273,RP11-802O23.3
1274,FAM107A
1275,CFAP20DC
1276,C3orf14
1277,CADPS
1278,PSMD6-AS1
1279,ADAMTS9
1280,ADAMTS9-AS1
1281,SLC25A26
1282,LRIG1
1283,EOGT
1284,TMF1
1285,FRMD4B
1286,MITF
1287,EIF4E3
1288,PROK2
1289,LINC00877
1290,PPP4R2
1291,ZNF717
1292,ROBO1
1293,CHMP2B
1294,CGGBP1
1295,ZNF654
1296,STX19
1297,DHFR2
1298,NSUN3
1299,RIOX2
1300,CMSS1
1301,NIT2
1302,TOMM70
1303,TFG
1304,ABI3BP
1305,TRMT10C
1306,PCNP
1307,ZBTB11
1308,ZBTB11-AS1
1309,RPL24
1310,CEP97
1311,NXPE3
1312,DUBR
1313,LINC00636
1314,LINC01215
1315,TRAT1
1316,NECTIN3
1317,CD96
1318,PLCXD2
1319,PHLDB2
1320,ABHD10
1321,C3orf52
1322,CD200
1323,BTLA
1324,ATG3
1325,SLC35A5
1326,GTPBP8
1327,ATP6V1A
1328,ZDHHC23
1329,TIGIT
1330,ZBTB20
1331,ZBTB20-AS2
1332,ARHGAP31
1333,POGLUT1
1334,TIMMDC1-DT
1335,CD80
1336,FSTL1
1337,POLQ
1338,HCLS1
1339,EAF2
1340,SLC15A2
1341,CD86
1342,CSTA
1343,MIX23
1344,KPNA1
1345,PARP9
1346,SLC49A4
1347,LINC02035
1348,MYLK
1349,CCDC14
1350,UMPS
1351,HEG1
1352,SLC12A8
1353,SLC41A3
1354,CHST13
1355,CHCHD6
1356,RP11-153F10.2
1357,MCM2
1358,ABTB1
1359,KBTBD12
1360,EEFSEC
1361,GATA2
1362,GATA2-AS1
1363,ACAD9
1364,EFCC1
1365,RAB43
1366,ISY1
1367,RP11-434H6.7
1368,CNBP
1369,H1-10
1370,H1-10-AS1
1371,PLXND1
1372,TMCC1
1373,TRH
1374,LINC02021
1375,NEK11
1376,NUDT16
1377,ACP3
1378,ACAD11
1379,UBA5
1380,NPHP3
1381,TF
1382,RAB6B
1383,SLCO2A1
1384,RYK
1385,ANAPC13
1386,CEP63
1387,EPHB1
1388,NCK1-DT
1389,DBR1
1390,FAIM
1391,FOXL2
1392,CLSTN2
1393,RASA2
1394,RNF7
1395,GK5
1396,TRPC1
1397,U2SURP
1398,CHST2
1399,SLC9A9
1400,PLSCR4
1401,PLSCR1
1402,AGTR1
1403,CPA3
1404,HLTF
1405,TM4SF1-AS1
1406,COMMD2
1407,RNF13
1408,PFN2
1409,SERP1
1410,ERICH6-AS1
1411,MED12L
1412,GPR171
1413,P2RY14
1414,RP11-246A10.1
1415,MBNL1
1416,MBNL1-AS1
1417,DHX36
1418,MME
1419,SLC33A1
1420,GMPS
1421,KCNAB1
1422,SSR3
1423,RSRC1
1424,RARRES1
1425,IFT80
1426,SMC4
1427,RP11-16N11.2
1428,PPM1L
1429,B3GALNT1
1430,BCHE
1431,WDR49
1432,TERC
1433,MYNN
1434,RP11-362K14.5
1435,SEC62
1436,CLDN11
1437,EIF5A2
1438,NCEH1
1439,ECT2
1440,ZMAT3
1441,MFN1
1442,NDUFB5
1443,FXR1
1444,RP11-531F16.4
1445,DCUN1D1
1446,MCCC1
1447,LAMP3
1448,B3GNT5
1449,KLHL6
1450,PARL
1451,EEF1AKMT4
1452,CAMK2N2
1453,CLCN2
1454,CHRD
1455,LINC01840
1456,MAGEF1
1457,EHHADH
1458,MAP3K13
1459,SENP2
1460,IGF2BP2
1461,ETV5
1462,DGKG
1463,CRYGS
1464,EIF4A2
1465,ST6GAL1
1466,RTP4
1467,BCL6
1468,TPRG1
1469,TP63
1470,P3H2
1471,ATP13A5
1472,ATP13A3
1473,XXYLT1
1474,APOD
1475,TFRC
1476,ZDHHC19
1477,SLC51A
1478,TM4SF19
1479,LINC01063
1480,NRROS
1481,PAK2
1482,NCBP2-AS1
1483,RUBCN
1484,RP11-803P9.1
1485,ZNF718
1486,ZNF141
1487,PIGG
1488,PDE6B
1489,SLC49A3
1490,CPLX1
1491,TMEM175
1492,IDUA
1493,FGFRL1
1494,RNF212
1495,SPON2
1496,CTBP1
1497,RP11-1398P2.1
1498,SLBP
1499,TACC3
1500,NELFA
1501,NAT8L
1502,HAUS3
1503,TNIP2
1504,HTT
1505,ADRA2C
1506,LYAR
1507,NSG1
1508,STX18
1509,MSX1
1510,EVC
1511,MAN2B2
1512,MRFAP1
1513,LINC02481
1514,S100P
1515,MRFAP1L1
1516,TBC1D14
1517,LINC02447
1518,AFAP1
1519,ACOX3
1520,HMX1
1521,WDR1
1522,CLNK
1523,RAB28
1524,LINC00504
1525,BST1
1526,CD38
1527,FGFBP1
1528,FGFBP2
1529,TAPT1
1530,LDB2
1531,QDPR
1532,AC006160.5
1533,DCAF16
1534,NCAPG
1535,SLIT2
1536,DHX15
1537,SEPSECS
1538,SEPSECS-AS1
1539,ZCCHC4
1540,ANAPC4
1541,STIM2
1542,DTHD1
1543,PGM2
1544,TBC1D1
1545,KLHL5
1546,WDR19
1547,RPL9
1548,UGDH
1549,UGDH-AS1
1550,SMIM14
1551,UBE2K
1552,RHOH
1553,RBM47
1554,APBB2
1555,TMEM33
1556,BEND4
1557,RP11-700J17.2
1558,ATP10D
1559,NFXL1
1560,TXK
1561,SLAIN2
1562,FRYL
1563,RP11-365H22.2
1564,PDGFRA
1565,KIT
1566,KDR
1567,RP11-177J6.1
1568,CLOCK
1569,EXOC1
1570,CEP135
1571,AASDH
1572,SPINK2
1573,REST
1574,NOA1
1575,IGFBP7
1576,RP11-584P21.2
1577,CENPC
1578,STAP1
1579,UBA6
1580,UGT2B17
1581,UGT2B28
1582,SULT1B1
1583,CSN1S1
1584,CSN2
1585,FDCSP
1586,CSN3
1587,OPRPN
1588,JCHAIN
1589,MOB1B
1590,DCK
1591,ANKRD17
1592,RASSF6
1593,CXCL6
1594,CXCL5
1595,CXCL3
1596,EREG
1597,AREG
1598,BTC
1599,LINC02562
1600,RCHY1
1601,THAP6
1602,NAAA
1603,SDAD1
1604,CXCL9
1605,CXCL10
1606,NUP54
1607,SHROOM3
1608,SEPTIN11
1609,CCNG2
1610,CXCL13
1611,CNOT6L
1612,MRPL1
1613,PRDM8
1614,TMEM150C
1615,SCD5
1616,THAP9
1617,LIN54
1618,PLAC8
1619,HPSE
1620,ARHGAP24
1621,MAPK10
1622,KLHL8
1623,HSD17B13
1624,SPARCL1
1625,SPP1
1626,PPM1K
1627,HERC6
1628,HERC3
1629,FAM13A
1630,MMRN1
1631,SMARCAD1
1632,HPGDS
1633,BMPR1B
1634,RP11-571L19.8
1635,RP11-696N14.1
1636,ADH1C
1637,TRMT10A
1638,DAPP1
1639,DDIT4L
1640,BANK1
1641,NFKB1
1642,SLC9B1
1643,PAPSS1
1644,SGMS2
1645,HADH
1646,LEF1
1647,RPL34
1648,COL25A1
1649,MCUB
1650,AC004067.5
1651,GAR1-DT
1652,GAR1
1653,ELOVL6
1654,AP1AR
1655,ZGRF1
1656,SNHG8
1657,METTL14
1658,SYNPO2
1659,C4orf3
1660,MAD2L1
1661,TNIP3
1662,QRFPR
1663,EXOSC9
1664,BBS7
1665,IL21
1666,FGF2
1667,SPATA5
1668,SPRY1
1669,ANKRD50
1670,INTU
1671,MFSD8
1672,ABHD18
1673,RP11-184M15.1
1674,SLC7A11
1675,RAB33B-AS1
1676,SETD7
1677,SCOC
1678,ELMOD2
1679,TBC1D9
1680,RP11-102N12.3
1681,LINC02432
1682,IL15
1683,INPP4B
1684,GAB1
1685,SMARCA5
1686,ABCE1
1687,SMAD1
1688,LSM6
1689,SLC10A7
1690,EDNRA
1691,TMEM184C
1692,PRMT9
1693,LRBA
1694,SH3D19
1695,RP11-164P12.3
1696,LINC02273
1697,TMEM154
1698,ARFIP1
1699,FHDC1
1700,TRIM2
1701,MND1
1702,TMEM131L
1703,TLR2
1704,SFRP2
1705,MAP9
1706,GASK1B
1707,RP11-597D13.8
1708,C4orf46
1709,ETFDH
1710,TMA16
1711,MARCHF1
1712,SMIM31
1713,TRIM61
1714,FAM218A
1715,KLHL2
1716,CPE
1717,TLL1
1718,NEK1
1719,RP11-10K16.1
1720,GALNT7
1721,SCRG1
1722,FBXO8
1723,HPGD
1724,GPM6A
1725,SPCS3
1726,VEGFC
1727,NEIL3
1728,CDKN2AIP
1729,ING2
1730,LINC02362
1731,CENPU
1732,ACSL1
1733,ANKRD37
1734,RP11-279O9.4
1735,SORBS2
1736,TLR3
1737,LINC02515
1738,LINC01060
1739,RP11-756P10.2
1740,SDHA
1741,TRIP13
1742,LPCAT1
1743,MRPL36
1744,IRX4
1745,LSINCT5
1746,IRX1
1747,MED10
1748,NSUN2
1749,ATPSCKMT
1750,ANKRD33B
1751,DNAH5
1752,OTULINL
1753,ANKH
1754,ANKH-DT
1755,BASP1
1756,CTD-2139B15.2
1757,C5orf22
1758,PDZD2
1759,GOLPH3
1760,MTMR12
1761,TARS1
1762,RAI14
1763,TTC23L-AS1
1764,PRLR
1765,IL7R
1766,LMBRD2
1767,NADK2
1768,SLC1A3
1769,CPLANE1
1770,LIFR-AS1
1771,OSMR-AS1
1772,OSMR
1773,TTC33
1774,PTGER4
1775,PRKAA1
1776,C7
1777,PLCXD3
1778,C5orf51
1779,AC025171.1
1780,CCL28
1781,PAIP1
1782,NNT
1783,FGF10-AS1
1784,MRPS30-DT
1785,EMB
1786,PARP8
1787,ITGA1
1788,ITGA2
1789,SNX18
1790,ESM1
1791,GZMK
1792,GZMA
1793,MTREX
1794,IL6ST
1795,LINC01948
1796,MAP3K1
1797,SETD9
1798,MIER3
1799,GAPT
1800,RAB3C
1801,PDE4D
1802,DEPDC1B
1803,SMIM15
1804,ZSWIM6
1805,RNF180
1806,CWC27
1807,ADAMTS6
1808,CENPK
1809,PIK3R1
1810,CTC-498J12.3
1811,CENPH
1812,CDK7
1813,GTF2H2
1814,BDP1
1815,MAP1B
1816,PTCD2
1817,ZNF366
1818,TNPO1
1819,BTF3
1820,ENC1
1821,HEXB
1822,GFM2
1823,FAM169A
1824,CERT1
1825,POLK
1826,CTC-366B18.2
1827,SV2C
1828,F2RL2
1829,F2R
1830,F2RL1
1831,CRHBP
1832,AGGF1
1833,ZBED3-AS1
1834,SCAMP1-AS1
1835,DMGDH
1836,MTX3
1837,THBS4
1838,SERINC5
1839,DHFR
1840,MSH3
1841,SSBP2
1842,TMEM167A
1843,VCAN
1844,CCNH
1845,TMEM161B
1846,MEF2C
1847,MEF2C-AS1
1848,MBLAC2
1849,LYSMD3
1850,ADGRV1
1851,LUCAT1
1852,ARRDC3
1853,ARRDC3-AS1
1854,NR2F1-AS1
1855,FAM172A
1856,MCTP1
1857,TTC37
1858,ARSK
1859,GLRX
1860,ELL2
1861,CAST
1862,CTD-2260A17.3
1863,CTD-2260A17.2
1864,LNPEP
1865,RIOK2
1866,RGMB
1867,CHD1
1868,PAM
1869,MACIR
1870,EFNA5
1871,FBXL17
1872,PJA2
1873,NREP
1874,EPB41L4A-AS1
1875,APC
1876,REEP5
1877,MCC
1878,CCDC112
1879,FEM1C
1880,TMED7
1881,LVRN
1882,LINC02147
1883,DTWD2
1884,DMXL1
1885,TNFAIP8
1886,HSD17B4
1887,SNX2
1888,SNX24
1889,CEP120
1890,ALDH7A1
1891,LMNB1
1892,MARCHF3
1893,LINC01184
1894,ISOC1
1895,CHSY3
1896,FNIP1
1897,CSF2
1898,PDLIM4
1899,AC116366.7
1900,RAD50
1901,CCNI2
1902,LEAP2
1903,TCF7
1904,SKP1
1905,PPP2CA-DT
1906,CDKN2AIPNL
1907,JADE2
1908,SEC24A
1909,CAMLG
1910,PCBD2
1911,CATSPER3
1912,TGFBI
1913,HNRNPA0
1914,PKD2L2
1915,FAM13B
1916,BRD8
1917,KIF20A
1918,CTB-46B19.2
1919,SNHG4
1920,MZB1
1921,PROB1
1922,ECSCR
1923,NRG2
1924,PURA
1925,HBEGF
1926,ANKHD1
1927,ANKHD1-EIF4EBP3
1928,SRA1
1929,CD14
1930,NDUFA2
1931,TMCO6
1932,IK
1933,WDR55
1934,HARS1
1935,HARS2
1936,PCDHAC2
1937,PCDHB2
1938,PCDHB10
1939,PCDHB11
1940,PCDHGA2
1941,PCDHGA7
1942,PCDHGB5
1943,PCDHGB7
1944,PCDHGA11
1945,DIAPH1
1946,FCHSD1
1947,GNPDA1
1948,SPRY4
1949,ARHGAP26
1950,C5orf46
1951,AFAP1L1
1952,GRPEL2
1953,PCYOX1L
1954,IL17B
1955,CARMN
1956,ARHGEF37
1957,TIGD6
1958,PDGFRB
1959,CAMK2A
1960,RPS14
1961,TNIP1
1962,GM2A
1963,CTC-251D13.1
1964,SPARC
1965,MFAP3
1966,SAP30L
1967,CNOT8
1968,MRPL22
1969,HAVCR2
1970,MED7
1971,CYFIP2
1972,CTB-47B11.3
1973,ADAM19
1974,NIPAL4
1975,LSM11
1976,EBF1
1977,IL12B
1978,ZBED8
1979,PTTG1
1980,MIR3142HG
1981,TENM2
1982,DOCK2
1983,LCP2
1984,KCNIP1
1985,GABRP
1986,NPM1
1987,DUSP1
1988,ERGIC1
1989,STC2
1990,CTB-33O18.1
1991,BOD1
1992,CPEB4
1993,SFXN1
1994,CLTB
1995,HK3
1996,UIMC1
1997,NSD1
1998,GRK6
1999,PRR7-AS1
2000,PRR7
2001,DBN1
2002,DDX41
2003,FAM193B-DT
2004,RP11-1277A3.1
2005,N4BP3
2006,PHYKPL
2007,CLK4
2008,RUFY1
2009,RP11-1379J22.5
2010,LTC4S
2011,MGAT4B
2012,SQSTM1
2013,CTC-241N9.1
2014,RNF130
2015,MAPK9
2016,CNOT6
2017,ZFP62
2018,BTNL9
2019,TRIM7
2020,TRIM52
2021,DUSP22
2022,IRF4
2023,HUS1B
2024,RP11-532F6.3
2025,SERPINB9
2026,SERPINB6
2027,NQO2
2028,NQO2-AS1
2029,TUBB2B
2030,SLC22A23
2031,RP3-406P24.4
2032,ECI2
2033,FARS2
2034,NRN1
2035,F13A1
2036,RREB1
2037,SSR1
2038,SNRNP48
2039,BLOC1S5
2040,TFAP2A
2041,TFAP2A-AS1
2042,GCNT2
2043,MAK
2044,PHACTR1
2045,SIRT5
2046,MCUR1
2047,CD83
2048,DTNBP1
2049,ATXN1
2050,STMND1
2051,RBM24
2052,CAP2
2053,NUP153
2054,TPMT
2055,KDM1B
2056,RNF144B
2057,SOX4
2058,DCDC2
2059,ALDH5A1
2060,ACOT13
2061,RIPOR2
2062,CARMIL1
2063,H4C1
2064,H2AC4
2065,H1-2
2066,H2AC6
2067,H2BC5
2068,H4C4
2069,RP1-34B20.21
2070,H2BC7
2071,H2BC8
2072,H1-3
2073,H4C8
2074,BTN3A2
2075,BTN2A2
2076,BTN3A3
2077,CTA-14H9.7
2078,LINC00240
2079,H2BC11
2080,H4C9
2081,ZNF391
2082,ZNF184
2083,LINC01012
2084,H2BC13
2085,H2BC15
2086,H2BC17
2087,RP1-313I6.12
2088,ZNF165
2089,ZKSCAN8
2090,ZKSCAN4
2091,ZKSCAN3
2092,ZSCAN12
2093,LINC01556
2094,HLA-G
2095,POLR1H
2096,HCG18
2097,TRIM39
2098,GNL1
2099,PRR3
2100,PPP1R10
2101,NRM
2102,TUBB
2103,IER3-AS1
2104,LINC00243
2105,VARS2
2106,HCG22
2107,TCF19
2108,HCG27
2109,HLA-B
2110,XXbac-BPG181B23.7
2111,MICA
2112,DDX39B
2113,NFKBIL1
2114,LTA
2115,LTB
2116,LST1
2117,NCR3
2118,AIF1
2119,LY6G5C
2120,ABHD16A
2121,LY6G6C
2122,DDAH2
2123,LSM2
2124,HSPA1A
2125,HSPA1B
2126,NEU1
2127,SLC44A4
2128,C2-AS1
2129,CFB
2130,DXO
2131,CYP21A2
2132,TNXB
2133,AGPAT1
2134,NOTCH4
2135,HLA-DRA
2136,HLA-DRB5
2137,HLA-DRB1
2138,HLA-DQA1
2139,HLA-DQB1
2140,HLA-DQA2
2141,HLA-DQB2
2142,HLA-DOB
2143,TAP2
2144,PSMB9
2145,HLA-DMB
2146,HLA-DMA
2147,HLA-DOA
2148,HLA-DPA1
2149,HLA-DPB1
2150,HSD17B8
2151,RGL2
2152,ZBTB22
2153,CUTA
2154,BAK1
2155,LEMD2
2156,RPS10
2157,SPDEF
2158,ILRUN-AS1
2159,SNRPC
2160,UHRF1BP1
2161,ZNF76
2162,DEF6
2163,RPL10A
2164,FKBP5
2165,LHFPL5
2166,RP1-179N16.6
2167,ETV7
2168,SRSF3
2169,RAB44
2170,CPNE5
2171,C6orf89
2172,MTCH1
2173,PIM1
2174,TMEM217
2175,CMTR1
2176,SAYSD1
2177,KCNK5
2178,KCNK17
2179,TREM2
2180,TREM1
2181,NCR2
2182,FOXP4
2183,MDFI
2184,TFEB
2185,MED20
2186,TAF8
2187,TRERF1
2188,BICRAL
2189,C6orf226
2190,PTCRA
2191,GNMT
2192,KLC4
2193,ZNF318
2194,YIPF3
2195,POLH
2196,POLH-AS1
2197,GTPBP2
2198,SLC29A1
2199,HSP90AB1
2200,RUNX2
2201,CLIC5
2202,ENPP4
2203,ENPP5
2204,RCAN2
2205,CYP39A1
2206,SLC25A27
2207,TDRD6
2208,PLA2G7
2209,ADGRF5
2210,TNFRSF21
2211,CD2AP
2212,CENPQ
2213,TFAP2B
2214,IL17A
2215,IL17F
2216,TRAM2
2217,ELOVL5
2218,HMGCLL1
2219,COL21A1
2220,DST
2221,KIAA1586
2222,RAB23
2223,ADGRB3
2224,LMBRD1
2225,COL19A1
2226,FAM135A
2227,SDHAF4
2228,KCNQ5
2229,KHDC1
2230,RP11-398K22.12
2231,DDX43
2232,EEF1A1
2233,SLC17A5
2234,MYO6
2235,IRAK1BP1
2236,HMGN3
2237,RP11-177G23.2
2238,SH3BGRL2
2239,TTK
2240,IBTK
2241,DOP1A
2242,RWDD2A
2243,ME1
2244,PRSS35
2245,TBX18
2246,NT5E
2247,SNX14
2248,RP11-321N4.5
2249,ZNF292
2250,SMIM8
2251,RARS2
2252,AKIRIN2
2253,CNR1
2254,PNRC1
2255,UBE2J1
2256,RRAGD
2257,LYRM2
2258,CASP8AP2
2259,MAP3K7
2260,EPHA7
2261,MANEA
2262,FBXL4
2263,FAXC
2264,COQ3
2265,USP45
2266,CCNC
2267,ASCC3
2268,PRDM1
2269,CRYBG1
2270,CD24
2271,MTRES1
2272,BEND3
2273,SCML4
2274,SNX3
2275,CEP57L1
2276,CD164
2277,RP11-425D10.10
2278,MICAL1
2279,ZBTB24
2280,AK9
2281,CDK19
2282,RPF2
2283,SLC16A10
2284,MFSD4B
2285,RP5-1112D6.8
2286,TRAF3IP2
2287,LAMA4
2288,MARCKS
2289,MROCKI
2290,HDAC2
2291,HDAC2-AS2
2292,DSE
2293,KPNA5
2294,FAM162B
2295,DCBLD1
2296,NUS1
2297,SLC35F1
2298,PLN
2299,ASF1A
2300,MAN1A1
2301,TBC1D32
2302,GJA1
2303,PKIB
2304,SMPDL3A
2305,TPD52L1
2306,NCOA7
2307,HINT3
2308,TRMT11
2309,CENPW
2310,RNF146
2311,LAMA2
2312,ARHGAP18
2313,SAMD3
2314,ENPP3
2315,ENPP1
2316,CCN2
2317,STX7
2318,VNN1
2319,VNN2
2320,SLC18B1
2321,EYA4
2322,SGK1
2323,ALDH8A1
2324,RP3-388E23.2
2325,PDE7B
2326,BCLAF1
2327,MAP3K5
2328,PEX7
2329,IL22RA2
2330,IFNGR1
2331,WAKMAR2
2332,TNFAIP3
2333,PERP
2334,ARFGEF3
2335,ECT2L
2336,REPS1
2337,RP1-225E12.2
2338,CITED2
2339,RP1-67K17.4
2340,RP1-45I4.3
2341,PLAGL1
2342,EPM2A
2343,RP3-466P17.1
2344,STXBP5-AS1
2345,STXBP5
2346,RP11-307P5.1
2347,ZC3H12D
2348,PPIL4
2349,GINM1
2350,RP1-12G14.7
2351,NUP43
2352,RP11-350J20.5
2353,PPP1R14C
2354,AKAP12
2355,RMND1
2356,MTRF1L
2357,OPRM1
2358,IPCEF1
2359,CNKSR3
2360,TIAM2
2361,TFB1M
2362,TMEM242
2363,ZDHHC14
2364,RP11-52J3.2
2365,DYNLT1
2366,SYTL3
2367,EZR
2368,RSPH3
2369,TAGAP
2370,RP3-393E18.2
2371,MRPL18
2372,MAP3K4
2373,AGPAT4
2374,QKI
2375,RNASET2
2376,RP1-167A14.2
2377,CCR6
2378,RP11-517H2.8
2379,AFDN-DT
2380,DACT2
2381,THBS2
2382,WDR27
2383,PHF10
2384,RP1-266L20.2
2385,DLL1
2386,FAM120B
2387,PSMB1
2388,TBP
2389,AC093627.8
2390,PDGFA
2391,PRKAR1B-AS1
2392,GET4
2393,COX19
2394,C7orf50
2395,GPR146
2396,INTS1
2397,MAFK
2398,PSMG3
2399,MAD1L1
2400,NUDT1
2401,CHST12
2402,BRAT1
2403,TTYH3
2404,CARD11
2405,AP5Z1
2406,WIPI2
2407,TNRC18
2408,FSCN1
2409,PMS2
2410,AIMP2
2411,DAGLB
2412,C7orf26
2413,C1GALT1
2414,RP5-1159O4.2
2415,MIOS
2416,UMAD1
2417,AC007009.1
2418,NDUFA4
2419,PHF14
2420,THSD7A
2421,VWDE
2422,ARL4A
2423,MEOX2
2424,AC005550.3
2425,SOSTDC1
2426,TSPAN13
2427,AGR2
2428,AGR3
2429,AHR
2430,AC003075.4
2431,SNX13
2432,HDAC9
2433,DNAH11
2434,IL6
2435,FAM126A
2436,FAM221A
2437,MPP6
2438,C7orf31
2439,NFE2L3
2440,HNRNPA2B1
2441,SNX10
2442,AC004540.5
2443,SKAP2
2444,HOTAIRM1
2445,HOXA7
2446,HOXA9
2447,HOXA13
2448,TAX1BP1
2449,JAZF1
2450,CPVL
2451,WIPF3
2452,SCRN1
2453,FKBP14
2454,AC007036.6
2455,LINC01176
2456,NOD1
2457,GGCT
2458,INMT
2459,AQP1
2460,PPP1R17
2461,KBTBD2
2462,RP9
2463,SEPTIN7
2464,EEPD1
2465,KIAA0895
2466,ANLN
2467,AOAH
2468,STARD3NL
2469,TRGC2
2470,TRGC1
2471,TRGV10
2472,TRGV9
2473,TRGV8
2474,TRGV7
2475,TRG-AS1
2476,TRGV4
2477,TRGV2
2478,VPS41
2479,LINC00265
2480,CDK13
2481,INHBA
2482,GLI3
2483,STK17A
2484,BLVRA
2485,MRPS24
2486,SPDYE1
2487,AC004951.6
2488,LINC00957
2489,DBNL
2490,YKT6
2491,NUDCD3
2492,OGDH
2493,H2AZ2
2494,MYO1G
2495,TBRG4
2496,RAMP3
2497,IGFBP3
2498,IKZF1
2499,FIGNL1
2500,GRB10
2501,COBL
2502,VOPP1
2503,NIPSNAP2
2504,SUMF2
2505,CHCHD2
2506,NUPR2
2507,ZNF680
2508,ZNF107
2509,ERV3-1
2510,ZNF92
2511,VKORC1L1
2512,KCTD7
2513,LINC02604
2514,TYW1
2515,AUTS2
2516,RP11-313P13.5
2517,NSUN5
2518,FZD9
2519,BAZ1B
2520,TBL2
2521,MLXIPL
2522,DNAJC30
2523,ABHD11
2524,EIF4H
2525,LAT2
2526,RFC2
2527,RP5-1186P10.2
2528,GTF2I
2529,NCF1
2530,GTF2IRD2
2531,RCC1L
2532,AC004878.2
2533,RHBDD2
2534,SSC4D
2535,GSAP
2536,APTR
2537,TMEM60
2538,PHTF2
2539,MAGI2
2540,CD36
2541,SEMA3C
2542,SEMA3A
2543,SEMA3D
2544,ELAPOR2
2545,TP53TG1
2546,CROT
2547,STEAP4
2548,STEAP2
2549,GTPBP10
2550,AC002456.2
2551,MTERF1
2552,CYP51A1
2553,PEX1
2554,RBM48
2555,HEPACAM2
2556,TFPI2
2557,COL1A2
2558,PPP1R9A
2559,PON2
2560,ASB4
2561,PDK4
2562,SLC25A13
2563,DLX5
2564,TECPR1
2565,TRRAP
2566,SMURF1
2567,ARPC1A
2568,ARPC1B
2569,CPSF4
2570,ZKSCAN5
2571,CYP3A5
2572,GJC3
2573,AZGP1
2574,ZKSCAN1
2575,ZNF3
2576,COPS6
2577,TAF6
2578,MBLAC1
2579,CASTOR3
2580,SPDYE3
2581,PILRB
2582,PILRA
2583,PPP1R35
2584,C7orf61
2585,TSC22D4
2586,NYAP1
2587,SAP25
2588,PCOLCE
2589,TFR2
2590,GNB2
2591,POP7
2592,SLC12A9
2593,PLOD3
2594,CLDN15
2595,SH2B2
2596,ORAI2
2597,FBXL13
2598,ARMC10
2599,NAPEPLD
2600,PMPCB
2601,DNAJC2
2602,SLC26A5
2603,RELN
2604,ORC5
2605,KMT2E-AS1
2606,CTB-152G17.6
2607,RP4-778K6.3
2608,RP11-251G23.5
2609,SYPL1
2610,DUS4L
2611,RP4-593H12.1
2612,AC002467.7
2613,CBLL1
2614,SLC26A3
2615,THAP5
2616,IMMP2L
2617,DOCK4
2618,DOCK4-AS1
2619,LSMEM1
2620,TMEM168
2621,BMT2
2622,TES
2623,CAV2
2624,CAV1
2625,MET
2626,CAPZA2
2627,ST7
2628,AC106873.4
2629,ANKRD7
2630,FAM3C
2631,LMOD2
2632,WASL
2633,GPR37
2634,ZNF800
2635,GCC1
2636,RBM28
2637,KCP
2638,ATP6V1FNB
2639,TSPAN33
2640,STRIP2
2641,SMKR1
2642,TMEM209
2643,CEP41
2644,RP11-36B6.2
2645,LINC00513
2646,AC058791.1
2647,RP11-138A9.1
2648,RP11-138A9.2
2649,CHCHD3
2650,AKR1B1
2651,BPGM
2652,CALD1
2653,CYREN
2654,RP11-134L10.1
2655,WDR91
2656,AC015987.1
2657,PTN
2658,ZC3HAV1L
2659,UBN2
2660,HIPK2
2661,TBXAS1
2662,MKRN1
2663,MRPS33
2664,TMEM178B
2665,AGK
2666,DENND11
2667,WEE2-AS1
2668,SSBP1
2669,CLEC5A
2670,TRBV3-1
2671,TRBV6-2
2672,MTRNR2L6
2673,TRBV28
2674,TRBC1
2675,TRBC2
2676,GSTK1
2677,CASP2
2678,FAM131B-AS1
2679,ZYX
2680,EPHA1-AS1
2681,CTAGE6
2682,ARHGEF35
2683,OR2A1-AS1
2684,GHET1
2685,ZNF282
2686,KRBA1
2687,ACTR3C
2688,RP11-511P7.5
2689,LINC00996
2690,GIMAP8
2691,GIMAP7
2692,GIMAP4
2693,GIMAP2
2694,GIMAP5
2695,TMEM176B
2696,KCNH2
2697,ABCB8
2698,ASIC3
2699,TMUB1
2700,AGAP3
2701,SMARCD3
2702,CRYGN
2703,RHEB
2704,PRKAG2-AS1
2705,XRCC2
2706,PAXIP1-AS2
2707,PAXIP1
2708,UBE3C
2709,DNAJB6
2710,PTPRN2
2711,PTPRN2-AS1
2712,NCAPG2
2713,PPP2R3B
2714,CRLF2
2715,CSF2RA
2716,IL3RA
2717,SLC25A6
2718,AKAP17A
2719,ARSD
2720,MXRA5
2721,PRKX
2722,RP11-733O18.1
2723,PUDP
2724,TBL1X
2725,MID1
2726,HCCS
2727,TLR7
2728,TLR8
2729,TMSB4X
2730,TRAPPC2
2731,OFD1
2732,GEMIN8
2733,PIR
2734,BMX
2735,INE2
2736,AP1S2
2737,SYAP1
2738,REPS2
2739,SCML1
2740,CDKL5
2741,PHKA2
2742,BCLAF3
2743,EIF1AX
2744,SAT1
2745,KLHL15
2746,EIF2S3
2747,ZFX
2748,POLA1
2749,TASL
2750,GK
2751,TAB3
2752,TAB3-AS2
2753,LANCL3
2754,CYBB
2755,DYNLT3
2756,SRPX
2757,TSPAN7
2758,MID1IP1
2759,CXorf38
2760,MED14
2761,DDX3X
2762,RP2
2763,JADE3
2764,RBM10
2765,UBA1
2766,LINC01560
2767,ARAF
2768,SYN1
2769,TIMP1
2770,CFP
2771,ELK1
2772,ZNF81
2773,SLC38A5
2774,AF196972.9
2775,PORCN
2776,HDAC6
2777,PCSK1N
2778,TIMM17B
2779,GRIPAP1
2780,PLP2
2781,CCDC22
2782,FOXP3
2783,PPP1R3F
2784,LL0XNC01-7P3.1
2785,SHROOM4
2786,NUDT11
2787,TSPYL2
2788,IQSEC2
2789,FAM120C
2790,WNK3
2791,GNL3L
2792,MAGED2
2793,TRO
2794,PAGE5
2795,RRAGB
2796,RP13-188A5.1
2797,KLF8
2798,NBDY
2799,ZXDB
2800,SPIN4
2801,ZC4H2
2802,MIR223HG
2803,OPHN1
2804,EDA
2805,PDZD11
2806,KIF4A
2807,FOXO4
2808,IL2RG
2809,ZMYM3
2810,ITGB1BP2
2811,GCNA
2812,CXCR3
2813,ERCC6L
2814,CITED1
2815,TSIX
2816,XIST
2817,FGF16
2818,ATRX
2819,MAGT1
2820,ATP7A
2821,PGK1
2822,TAF9B
2823,CYSLTR1
2824,ITM2A
2825,SH3BGRL
2826,KLHL4
2827,PABPC5
2828,PCDH11X
2829,PCDH19
2830,TNMD
2831,TSPAN6
2832,SRPX2
2833,TRMT2B
2834,TMEM35A
2835,BTK
2836,ARMCX6
2837,ARMCX2
2838,TCEAL2
2839,LINC00630
2840,TCEAL5
2841,BEX2
2842,TCEAL4
2843,MORF4L2
2844,RADX
2845,TBC1D8B
2846,TSC22D3
2847,VSIG1
2848,ACSL4
2849,CHRDL1
2850,AMOT
2851,LRCH2
2852,UBE2A
2853,SEPTIN6
2854,SOWAHD
2855,NKAP
2856,RHOXF1-AS1
2857,TMEM255A
2858,LAMP2
2859,XIAP
2860,STAG2
2861,SH2D1A
2862,XPNPEP2
2863,SASH3
2864,ZNF280C
2865,FIRRE
2866,STK26
2867,RAP2C-AS1
2868,GPC3
2869,HPRT1
2870,MIR503HG
2871,PABIR3
2872,MOSPD1
2873,RTL8C
2874,INTS6L
2875,SLC9A6
2876,HTATSF1
2877,VGLL1
2878,CD40LG
2879,RBMX
2880,FGF13
2881,FMR1
2882,AFF2
2883,IDS
2884,AF011889.2
2885,TMEM185A
2886,EOLA2
2887,LINC00894
2888,CD99L2
2889,CETN2
2890,NSDHL
2891,ZNF275
2892,HAUS7
2893,BGN
2894,BCAP31
2895,SSR4
2896,PDZD4
2897,ARHGAP4
2898,HCFC1
2899,TMEM187
2900,MECP2
2901,TKTL1
2902,XX-FW83563B9.5
2903,DNASE1L1
2904,TAZ
2905,FAM50A
2906,IKBKG
2907,GAB3
2908,DKC1
2909,BRCC3
2910,VBP1
2911,FBXO25
2912,TDRP
2913,CLN8
2914,CTD-2336O2.1
2915,KBTBD11
2916,MYOM2
2917,RP11-115C21.2
2918,ANGPT2
2919,AGPAT5
2920,TNKS
2921,AF131216.6
2922,SLC35G5
2923,BLK
2924,DLC1
2925,MSR1
2926,ZDHHC2
2927,CNOT7
2928,PDGFRL
2929,MTUS1
2930,ASAH1
2931,LPL
2932,GFRA2
2933,XPO7
2934,PIWIL2
2935,RP11-582J16.4
2936,C8orf58
2937,CCAR2
2938,EGR3
2939,RHOBTB2
2940,TNFRSF10B
2941,TNFRSF10A
2942,SLC25A37
2943,NKX3-1
2944,ADAM28
2945,ADAMDEC1
2946,NEFM
2947,CDCA2
2948,EBF2
2949,BNIP3L
2950,DPYSL2
2951,PTK2B
2952,EPHX2
2953,CLU
2954,ESCO2
2955,SCARA5
2956,NUGGC
2957,ZNF395
2958,FZD3
2959,INTS9
2960,HMBOX1
2961,KIF13B
2962,DUSP4
2963,RP11-489E7.4
2964,DCTN6-DT
2965,UBXN8
2966,RP11-11N9.4
2967,TTI2
2968,ADGRA2
2969,LETM2
2970,FGFR1
2971,TCIM
2972,SFRP1
2973,GINS4
2974,RP11-360L9.7
2975,GPAT4
2976,RP11-930P14.2
2977,KAT6A
2978,PLAT
2979,DKK4
2980,RNF170
2981,FNTA
2982,SPIDR
2983,CEBPD
2984,MCM4
2985,SNAI2
2986,ATP6V1H
2987,LYPLA1
2988,MRPL15
2989,SOX17
2990,LYN
2991,PLAG1
2992,SDR16C5
2993,BPNT2
2994,UBXN2B
2995,TOX
2996,RP11-25K19.1
2997,LINC01301
2998,AC022182.3
2999,CYP7B1
3000,CTD-3025N20.3
3001,PDE7A
3002,PDE7A-DT
3003,MYBL1
3004,VCPIP1
3005,MCMDC2
3006,COPS5
3007,ARFGEF1-DT
3008,LACTB2-AS1
3009,XKR9
3010,MSC
3011,TERF1
3012,RDH10
3013,TMEM70
3014,JPH1
3015,HNF4G
3016,PKIA
3017,ZC2HC1A
3018,IL7
3019,HEY1
3020,RP11-26J3.1
3021,RP11-48B3.5
3022,ZBTB10
3023,RP11-48B3.4
3024,PAG1
3025,FABP5
3026,FABP4
3027,IMPA1
3028,CHMP4C
3029,LRRCC1
3030,CA13
3031,CA3-AS1
3032,RMDN1
3033,RP11-37B2.1
3034,OSGIN2
3035,NBN
3036,DECR1
3037,TMEM64
3038,OTUD6B-AS1
3039,OTUD6B
3040,RUNX1T1
3041,TRIQK
3042,RBM12B
3043,PDP1
3044,MIR378D2HG
3045,INTS8
3046,RP11-347C18.5
3047,TP53INP1
3048,C8orf37
3049,UQCRB
3050,SDC2
3051,MTDH
3052,MATN2
3053,OSR2
3054,VPS13B
3055,RNF19A
3056,PABPC1
3057,NCALD
3058,UBR5-AS1
3059,KB-1980E6.3
3060,AZIN1
3061,MAILR
3062,BAALC
3063,BAALC-AS1
3064,FZD6
3065,RP11-1C8.6
3066,SLC25A32
3067,OXR1
3068,EMC2
3069,PKHD1L1
3070,EBAG9
3071,RAD21
3072,RAD21-AS1
3073,AARD
3074,TNFRSF11B
3075,MAL2
3076,ENPP2
3077,DEPTOR
3078,MTBP
3079,TBC1D31
3080,NTAQ1
3081,FBXO32
3082,ANXA13
3083,TRMT12
3084,RP11-158K1.3
3085,MTSS1
3086,ZNF572
3087,CCDC26
3088,CYRIB
3089,ASAP1
3090,KCNQ3
3091,LRRC6
3092,PHF20L1
3093,SLA
3094,NDRG1
3095,ST3GAL1
3096,KHDRBS3
3097,RP11-489O18.1
3098,RP11-809O17.1
3099,SLC45A4
3100,GPR20
3101,LY6K
3102,LY6E
3103,MINCR
3104,RHPN1
3105,ZC3H3
3106,RP11-661A12.5
3107,EEF1D
3108,TIGD5
3109,GFUS
3110,PUF60
3111,NRBP2
3112,PARP10
3113,GRINA
3114,CTD-3065J16.9
3115,EXOSC4
3116,GPAA1
3117,MROH1
3118,BOP1
3119,SCX
3120,HSF1
3121,ADCK5
3122,CPSF1
3123,TONSL
3124,KIFC2
3125,ZNF34
3126,ZNF517
3127,ZNF7
3128,ZNF250
3129,ZNF16
3130,C8orf33
3131,WASHC1
3132,CBWD1
3133,KANK1
3134,VLDLR-AS1
3135,VLDLR
3136,PUM3
3137,GLIS3
3138,SLC1A1
3139,CDC37L1
3140,PLGRKT
3141,CD274
3142,PDCD1LG2
3143,DMAC1
3144,PTPRD-AS1
3145,LURAP1L
3146,LINC01235
3147,NFIB
3148,TTC39B
3149,CNTLN
3150,SAXO1
3151,HAUS6
3152,PLIN2
3153,RPS6
3154,FOCAD
3155,HACD4
3156,MTAP
3157,TUSC1
3158,C9orf72
3159,ACO1
3160,DDX58
3161,B4GALT1
3162,B4GALT1-AS1
3163,CHMP5
3164,NFX1
3165,PTENP1-AS
3166,PRSS3
3167,UBE2R2
3168,UBAP2
3169,KIF24
3170,NUDT2
3171,MYORG
3172,C9orf24
3173,RPP25L
3174,GALT
3175,RP11-195F19.5
3176,CCL19
3177,CCL21
3178,DNAJB5
3179,FANCG
3180,TESK1
3181,CD72
3182,RMRP_ENSG00000269900
3183,CCDC107
3184,TPM2
3185,RGP1
3186,MSMP
3187,HINT2
3188,SPAAR
3189,RECK
3190,MELK
3191,EBLN3P
3192,GRHPR
3193,SLC25A51
3194,FAM95B1
3195,CNTNAP3B
3196,LINC01410
3197,CBWD5
3198,RP11-15E1.5
3199,ZNF658
3200,CBWD3
3201,PGM5
3202,PGM5-AS1
3203,RP11-88I18.2
3204,PIP5K1B
3205,RP11-16N10.2
3206,TJP2
3207,FAM189A2
3208,PTAR1
3209,MAMDC2
3210,SMC5-DT
3211,TRPM3
3212,CEMIP2
3213,ABHD17B
3214,C9orf85
3215,ALDH1A1
3216,ANXA1
3217,PCSK5
3218,RFK
3219,PRUNE2
3220,VPS13A
3221,CEP78
3222,TLE4
3223,TLE1
3224,RASEF
3225,KIF27
3226,C9orf64
3227,RMI1
3228,SLC28A3
3229,NTRK2
3230,AGTPBP1
3231,GOLM1
3232,C9orf153
3233,TUT7
3234,GAS1RR
3235,SPIN1
3236,SHC3
3237,CKS2
3238,SYK
3239,RP11-305L7.3
3240,NFIL3
3241,CENPP
3242,OGN
3243,OMD
3244,ASPN
3245,IPPK
3246,CARD19
3247,FAM120A
3248,ZNF169
3249,FBP1
3250,FANCC
3251,ERCC6L2
3252,ZNF367
3253,CDC14B
3254,CCDC180
3255,TSTD2
3256,TRMO
3257,ANP32B
3258,TRIM14
3259,COL15A1
3260,RP11-92C4.6
3261,TGFBR1
3262,ERP44
3263,PGAP4
3264,RNF20
3265,SMC2
3266,NIPSNAP3A
3267,NIPSNAP3B
3268,TMEM38B
3269,RAD23B
3270,KLF4
3271,CTNNAL1
3272,ECPAS
3273,ZNF483
3274,DNAJC25-GNG10
3275,SUSD1
3276,KIAA1958
3277,INIP
3278,ZFP37
3279,FKBP15
3280,SLC31A1
3281,RGS3
3282,COL27A1
3283,RP11-9M16.2
3284,TNC
3285,ASTN2
3286,TRIM32
3287,TLR4
3288,B3GALT9
3289,TRAF1
3290,CNTRL
3291,RAB14
3292,GSN
3293,DAB2IP
3294,TTLL11
3295,NDUFA8
3296,LHX6
3297,RBM18
3298,MRRF
3299,PTGS1
3300,ZBTB6
3301,ZBTB26
3302,STRBP
3303,DENND1A
3304,PSMB7
3305,OLFML2A
3306,RPL35
3307,ARPC5L
3308,SCAI
3309,RABEPK
3310,GAPVD1
3311,MAPKAP1
3312,PBX3
3313,ZBTB43
3314,ZBTB34
3315,LRSAM1
3316,STXBP1
3317,SH2D3C
3318,CDK9
3319,ENG
3320,ST6GALNAC6
3321,PIP5KL1
3322,RP11-203J24.8
3323,FAM102A
3324,NAIF1
3325,SLC25A25
3326,SLC25A25-AS1
3327,PTGES2
3328,CIZ1
3329,DNM1
3330,TRUB2
3331,RP11-339B21.13
3332,SLC27A4
3333,URM1
3334,ODF2
3335,GLE1
3336,ZDHHC12
3337,ZER1
3338,KYAT1
3339,DOLK
3340,RP11-167N5.5
3341,IER5L
3342,LINC01503
3343,RP11-492E3.2
3344,PTGES
3345,FNBP1
3346,ASS1
3347,ABL1
3348,AIF1L
3349,RP11-544A12.4
3350,PLPP7
3351,MED27
3352,NTNG2
3353,SPACA9
3354,GBGT1
3355,RPL7A
3356,SURF1
3357,SURF2
3358,REXO4
3359,CACFD1
3360,WDR5
3361,RXRA
3362,COL5A1
3363,FCN1
3364,OLFM1
3365,MRPS2
3366,PAEP
3367,UBAC1
3368,GPSM1
3369,DNLZ
3370,CARD9
3371,ENTR1
3372,SEC16A
3373,DIPK1B
3374,LCN6
3375,TMEM141
3376,PTGDS
3377,LCNL1
3378,CLIC3
3379,ABCA2
3380,FUT7
3381,NDOR1
3382,RP13-122B23.13
3383,TUBB4B
3384,NELFB
3385,NRARP
3386,NSMF
3387,MRPL41
3388,EHMT1
3389,LINC01001
3390,NLRP6
3391,PGGHG
3392,IFITM2
3393,IFITM1
3394,IFITM3
3395,RP11-326C3.12
3396,RP11-326C3.15
3397,B4GALNT4
3398,PKP3
3399,ANO9
3400,RASSF7
3401,PHRF1
3402,IRF7
3403,RP11-754B17.1
3404,TMEM80
3405,GATD1
3406,RPLP2
3407,CRACR2B
3408,CD151
3409,POLR2L
3410,TSPAN4
3411,RP11-1391J7.1
3412,CHID1
3413,AP2A2
3414,MUC6
3415,TOLLIP-AS1
3416,MOB2
3417,DUSP8
3418,KRTAP5-AS1
3419,CTSD
3420,SYT8
3421,TNNI2
3422,C11orf21
3423,TSPAN32
3424,SLC22A18
3425,PHLDA2
3426,OSBPL5
3427,RRM1
3428,TRIM21
3429,TRIM68
3430,OR51E1
3431,OR52A1
3432,HBB
3433,CTD-2643I7.5
3434,UBQLNL
3435,TRIM5
3436,FAM160A2
3437,ILK
3438,DCHS1
3439,OR2AG1
3440,PPFIBP2
3441,RIC3
3442,DENND2B
3443,AKIP1
3444,TMEM9B
3445,SCUBE2
3446,TMEM41B
3447,IPO7
3448,ZNF143
3449,LINC02709
3450,SBF2-AS1
3451,MTRNR2L8
3452,IRAG1-AS1
3453,LYVE1
3454,DKK3
3455,PARVA
3456,TEAD1
3457,LINC00958
3458,RASSF10
3459,ARNTL
3460,BTBD10
3461,FAR1
3462,COPB1
3463,PSMA1
3464,PDE3B
3465,CYP2R1
3466,SOX6
3467,RPS13
3468,PIK3C2A
3469,NUCB2
3470,NCR3LG1
3471,SERGEF
3472,SAAL1
3473,SAA4
3474,SAA1
3475,LDHA
3476,TSG101
3477,SPTY2D1OS
3478,FANCF
3479,SVIP
3480,MUC15
3481,BBOX1
3482,CCDC34
3483,LGR4
3484,ARL14EP
3485,DCDC1
3486,ELP4
3487,HIPK3
3488,LMO2
3489,ABTB2
3490,CAT
3491,EHF
3492,CD44
3493,PRR5L
3494,IFTAP
3495,LRRC4C
3496,ALKBH3
3497,C11orf96
3498,RP11-613D13.8
3499,ACCS
3500,CD82
3501,TSPAN18
3502,PRDM11
3503,SLC35C1
3504,PEX16
3505,LARGE2
3506,PHF21A
3507,ARHGAP1
3508,ZNF408
3509,CKAP5
3510,LRP4
3511,C11orf49
3512,NR1H3
3513,SPI1
3514,RAPSN
3515,FNBP4
3516,APLNR
3517,SLC43A3
3518,RTN4RL2
3519,TIMM10
3520,SERPING1
3521,GLYATL2
3522,FAM111A-DT
3523,DTX4
3524,OR4D9
3525,PATL1
3526,MRPL16
3527,TCN1
3528,MS4A2
3529,MS4A6A
3530,MS4A7
3531,MS4A14
3532,MS4A1
3533,PTGDR2
3534,PRPF19
3535,CD6
3536,DDB1
3537,CYB561A3
3538,LRRC10B
3539,MYRF
3540,FEN1
3541,FADS3
3542,FTH1
3543,INCENP
3544,SCGB2A1
3545,SCGB1D2
3546,SCGB2A2
3547,ROM1
3548,INTS5
3549,CSKMT
3550,UQCC3
3551,POLR2G
3552,TAF6L
3553,PLAAT3
3554,ATL3
3555,COX8A
3556,OTUB1
3557,FERMT3
3558,DNAJC4
3559,FKBP2
3560,PPP1R14B-AS1
3561,PLCB3
3562,GPR137
3563,TRMT112
3564,AP003774.1
3565,CCDC88B
3566,MAP4K2
3567,MEN1
3568,EHD1
3569,SAC3D1
3570,CDCA5
3571,ZFPL1
3572,MRPL49
3573,CDC42EP2
3574,TIGD3
3575,SLC25A45
3576,MALAT1
3577,SCYL1
3578,LTBP3
3579,RELA
3580,RNASEH2C
3581,AP5B1
3582,OVOL1
3583,EFEMP2
3584,CTSW
3585,CCDC85B
3586,CST6
3587,CATSPER1
3588,PACS1
3589,RP11-867G23.3
3590,CNIH2
3591,RIN1
3592,RP11-867G23.8
3593,DPP3
3594,BBS1
3595,CCS
3596,RBM14
3597,RBM14-RBM4
3598,PC
3599,LRFN4
3600,KDM2A
3601,SSH3
3602,POLD4
3603,CLCF1
3604,RPS6KB2
3605,CABP4
3606,PITPNM1
3607,GSTP1
3608,ALDH3B1
3609,RP11-802E16.3
3610,TESMIN
3611,CPT1A
3612,IGHMBP2
3613,CCND1
3614,ANO1
3615,AP000487.4
3616,NUMA1
3617,LRTOMT
3618,FOLR1
3619,FOLR2
3620,CLPB
3621,PDE2A-AS2
3622,STARD10
3623,ATG16L2
3624,P2RY2
3625,P2RY6
3626,FAM168A
3627,RAB6A
3628,KCNE3
3629,LIPT2
3630,SLCO2B1
3631,RPS3
3632,MAP6
3633,UVRAG
3634,WNT11
3635,GVQW3
3636,RP11-111M22.3
3637,AQP11
3638,RSF1
3639,INTS4
3640,ALG8
3641,KCTD21-AS1
3642,NARS2
3643,PRCP
3644,DDIAS
3645,RAB30-DT
3646,PCF11-AS1
3647,ANKRD42
3648,TMEM126B
3649,CCDC89
3650,SYTL2
3651,PICALM
3652,PRSS23
3653,CTSC
3654,CEP295
3655,MRE11
3656,ANKRD49
3657,FUT4
3658,ENDOD1
3659,MTMR2
3660,BIRC3
3661,RP11-315O6.1
3662,MMP7
3663,MMP1
3664,CASP4
3665,CASP1
3666,CARD16
3667,GRIA4
3668,MSANTD4
3669,KBTBD3
3670,GUCY1A2
3671,ALKBH8
3672,RAB39A
3673,ATM
3674,EXPH5
3675,HSPB2
3676,DLAT
3677,RP11-356J5.13
3678,NCAM1
3679,NNMT
3680,C11orf71
3681,RBM7
3682,CADM1
3683,ZPR1
3684,SIK3
3685,SIDT2
3686,TAGLN
3687,RP11-728F11.4
3688,JAML
3689,MPZL3
3690,CD3E
3691,CD3D
3692,CD3G
3693,UBE4A
3694,ATP5MG
3695,RP11-770J1.3
3696,TMEM25
3697,IFT46
3698,DDX6
3699,RP11-158I9.8
3700,CXCR5
3701,RPS25
3702,HYOU1
3703,HMBS
3704,DPAGT1
3705,CCDC153
3706,MCAM
3707,RNF26
3708,USP2
3709,THY1
3710,NECTIN1
3711,OAF
3712,ARHGEF12
3713,TBCEL
3714,SC5D
3715,BLID
3716,CRTAM
3717,CLMP
3718,GRAMD1B
3719,SCN3B
3720,VWA5A
3721,SPA17
3722,NRGN
3723,VSIG2
3724,ESAM
3725,MSANTD2
3726,ROBO3
3727,GSEC
3728,ETS1
3729,KCNJ5
3730,TMEM45B
3731,NFRKB
3732,ADAMTS8
3733,SNX19
3734,NTM
3735,IGSF9B
3736,JAM3
3737,NCAPD3
3738,THYN1
3739,ACAD8
3740,B3GAT1
3741,IDI1
3742,WDR37
3743,PFKP
3744,KLF6
3745,LINC00702
3746,AKR1C2
3747,AKR1C3
3748,NET1
3749,CALML3
3750,ASB13
3751,TASOR2
3752,RP11-336A10.2
3753,RP11-318E3.9
3754,ANKRD16
3755,RP11-536K7.3
3756,IL2RA
3757,RBM17
3758,LINC02656
3759,ITIH5
3760,ATP5F1C
3761,GATA3
3762,GATA3-AS1
3763,CELF2-AS1
3764,UPF2
3765,DHTKD1
3766,RP11-186N15.3
3767,CCDC3
3768,OPTN
3769,MCM10
3770,DCLRE1C
3771,RPP38
3772,FAM171A1
3773,ITGA8
3774,VIM
3775,HACD1
3776,STAM
3777,MRC1
3778,ARL5B
3779,MALRD1
3780,NEBL
3781,MLLT10
3782,BMI1
3783,MSRB2
3784,KIAA1217
3785,PRTFDC1
3786,APBB1IP
3787,PDSS1
3788,RAB18
3789,MKX
3790,MPP7
3791,WAC-AS1
3792,WAC
3793,SVIL
3794,MACORIS
3795,EPC1
3796,CCDC7
3797,NRP1
3798,CUL2
3799,CREM
3800,CCNY
3801,RP11-425A6.5
3802,ANKRD30A
3803,RP11-258F22.1
3804,ZNF248
3805,ZNF37A
3806,LINC00839
3807,BMS1
3808,CSGALNACT2
3809,ZNF239
3810,RP11-20J15.3
3811,CXCL12
3812,RASSF4
3813,DEPP1
3814,ALOX5
3815,MSMB
3816,AGAP9
3817,WDFY4
3818,VSTM4
3819,TMEM273
3820,PARG
3821,TIMM23B-AGAP6
3822,ASAH2B
3823,PRKG1
3824,ZWINT
3825,CISD1
3826,BICC1
3827,FAM13C
3828,CCDC6
3829,CDK1
3830,TMEM26
3831,ARID5B
3832,RTKN2
3833,JMJD1C
3834,DNAJC12
3835,SIRT1
3836,HERC4
3837,RUFY2
3838,DNA2
3839,TET1
3840,DDX21
3841,KIFBP
3842,SRGN
3843,HK1
3844,TSPAN15
3845,RP11-343J3.2
3846,FAM241B
3847,NPFFR1
3848,LRRC20
3849,PALD1
3850,PRF1
3851,ADAMTS14
3852,PCBD1
3853,VSIR
3854,CHST3
3855,SPOCK2
3856,ASCC1
3857,ANAPC16
3858,DDIT4
3859,RP11-344N10.5
3860,RP11-152N13.16
3861,ECD
3862,MRPS16
3863,DNAJC9-AS1_ENSG00000227540
3864,ANXA7
3865,USP54
3866,CAMK2G
3867,AP3M1
3868,ADK
3869,SAMD8
3870,VDAC2
3871,RP11-399K21.13
3872,LRMDA
3873,KCNMA1
3874,DLG5
3875,RPS24
3876,ZMIZ1-AS1
3877,NUTM2B-AS1
3878,PRXL2A
3879,CDHR1
3880,BMPR1A
3881,SNCG
3882,ADIRF
3883,SHLD2
3884,KLLN
3885,PTEN
3886,ANKRD22
3887,ACTA2
3888,FAS
3889,LIPA
3890,IFIT2
3891,IFIT1
3892,SLC16A12
3893,LINC00865
3894,HTR7
3895,RPP30
3896,TNKS2
3897,RP11-402D21.2
3898,KIF11
3899,CEP55
3900,FFAR4
3901,RBP4
3902,FRA10AC1
3903,PLCE1
3904,NOC3L
3905,TBC1D12
3906,PDLIM1
3907,SORBS1
3908,ENTPD1
3909,CC2D2B
3910,CCNJ
3911,TLL2
3912,TM9SF3
3913,PIK3AP1
3914,FRAT1
3915,RRP12
3916,PI4K2A
3917,AVPI1
3918,ZFYVE27
3919,HPSE2
3920,ENTPD7
3921,BLOC1S2
3922,OLMALINC
3923,MRPL43
3924,TWNK
3925,PDZD7
3926,BTRC
3927,POLL
3928,FBXW4
3929,HPS6
3930,PPRC1
3931,ELOVL3
3932,PITX3
3933,FBXL15
3934,ACTR1A
3935,RP11-18I14.11
3936,SUFU
3937,TRIM8
3938,RP11-47A8.5
3939,ARL3
3940,BORCS7
3941,PCGF6
3942,TAF5
3943,SH3PXD2A
3944,STN1
3945,SLK
3946,COL17A1
3947,GSTO2
3948,ADD3
3949,DUSP5
3950,PDCD4-AS1
3951,RP11-348N5.9
3952,ADRA2A
3953,GPAM
3954,RP11-324O2.3
3955,VTI1A
3956,PLEKHS1
3957,NHLRC2
3958,ABLIM1
3959,C10orf82
3960,ENO4
3961,SHTN1
3962,SLC18A2
3963,PDZD8
3964,EMX2OS
3965,RAB11FIP2
3966,GRK5
3967,SEC23IP
3968,NSMCE4A
3969,TACC2
3970,C10orf88
3971,ACADSB
3972,CPXM2
3973,OAT
3974,FAM53B
3975,CTBP2
3976,RP11-59C5.3
3977,EDRF1
3978,DHX32
3979,FANK1
3980,ADAM12
3981,RP11-223P11.3
3982,MKI67
3983,MGMT
3984,RP11-109A6.3
3985,EBF3
3986,C10orf143
3987,STK32C
3988,LINC02870
3989,UTF1
3990,VENTX
3991,ADAM8
3992,ZNF511
3993,CALY
3994,PAOX
3995,MTG1
3996,SCART1
3997,CYP2E1
3998,KDM5A
3999,CCDC77
4000,NINJ2
4001,ERC1
4002,WNT5B
4003,FBXL14
4004,CACNA1C
4005,NRIP2
4006,FOXM1
4007,TULP3
4008,TEAD4
4009,TSPAN9
4010,PARP11
4011,CCND2
4012,TIGAR
4013,RAD51AP1
4014,NDUFA9
4015,GALNT8
4016,KCNA5
4017,NTF3
4018,VWF
4019,CD9
4020,TNFRSF1A
4021,SCNN1A
4022,CD27
4023,VAMP1
4024,MRPL51
4025,GAPDH
4026,IFFO1
4027,ZNF384
4028,PTMS
4029,LAG3
4030,CD4
4031,CDCA3
4032,ATN1
4033,U47924.31
4034,PTPN6
4035,C1S
4036,C1R
4037,C1RL
4038,RBP5
4039,CD163L1
4040,CD163
4041,CLEC4C
4042,SLC2A3
4043,FOXJ2
4044,C3AR1
4045,NECAP1
4046,CLEC4A
4047,CLEC4D
4048,CLEC4E
4049,AICDA
4050,RP11-20D14.6
4051,KLRG1
4052,A2M-AS1
4053,A2M
4054,KLRB1
4055,CLEC2D
4056,CLECL1
4057,CD69
4058,KLRF1
4059,CLEC2B
4060,CLEC12A
4061,CLEC9A
4062,TMEM52B
4063,GABARAPL1
4064,KLRD1
4065,KLRK1-AS1
4066,KLRK1
4067,KLRC4
4068,KLRC2
4069,KLRC1
4070,EIF2S3B
4071,LINC02446
4072,STYK1
4073,YBX3
4074,TAS2R31
4075,ETV6
4076,MANSC1
4077,BORCS5
4078,CREBL2
4079,CDKN1B
4080,DDX47
4081,GPRC5D
4082,ATF7IP
4083,WBP11
4084,MGP
4085,ARHGDIB
4086,PTPRO
4087,EPS8
4088,MGST1
4089,RERGL
4090,PLEKHA5
4091,PDE3A
4092,PYROXD1
4093,RECQL
4094,GOLT1B
4095,KCNJ8
4096,ABCC9
4097,ST8SIA1
4098,C2CD5
4099,BCAT1
4100,ETFRF1
4101,RASSF8-AS1
4102,BHLHE41
4103,SSPN
4104,ITPR2
4105,PPFIBP1
4106,REP15
4107,MRPS35
4108,FAR2
4109,RP11-996F15.4
4110,RP11-996F15.5
4111,RP11-996F15.6
4112,ERGIC2
4113,TMTC1
4114,IPO8
4115,LINC00941_ENSG00000235884
4116,TSPAN11
4117,DDX11
4118,SINHCAF
4119,AMN1
4120,RP11-467L13.7
4121,RESF1
4122,RP11-50I19.2
4123,BICD1
4124,FGD4
4125,PKP2
4126,CPNE8
4127,CPNE8-AS1
4128,KIF21A
4129,ABCD2
4130,LRRK2
4131,CNTN1
4132,PDZRN4
4133,ZCRB1
4134,IRAK4
4135,RP11-352M15.2
4136,RP11-96H19.1
4137,AMIGO2
4138,SLC48A1
4139,HDAC7
4140,VDR
4141,TMEM106C
4142,SENP1
4143,ASB8
4144,LALBA
4145,CCNT1
4146,FKBP11
4147,WNT10B
4148,DDN-AS1
4149,PRKAG1
4150,RHEBL1
4151,RP11-977B10.2
4152,PRPH
4153,TROAP
4154,FAIM2
4155,SMARCD1
4156,RP4-605O3.4
4157,CERS5
4158,LIMA1
4159,DIP2B
4160,ATF1
4161,SLC11A2
4162,LETMD1
4163,TFCP2
4164,GALNT6
4165,SCN8A
4166,TMDD1
4167,NR4A1
4168,KRT86
4169,KRT81
4170,KRT6B
4171,KRT5
4172,KRT8
4173,KRT18
4174,TNS2
4175,MYG1
4176,MAP3K12
4177,ATF7-NPFF
4178,ATP5MC2
4179,HOXC9
4180,HOXC4
4181,LINC02381
4182,CBX5
4183,GPR84
4184,ITGA5
4185,GTSF1
4186,TESPA1
4187,ITGA7
4188,RP11-644F5.10
4189,BLOC1S1
4190,RDH5
4191,SARNP
4192,DNAJC14
4193,MMP19
4194,PYM1
4195,DGKA
4196,RAB5B
4197,SUOX
4198,IKZF4
4199,ERBB3
4200,MYL6
4201,RP11-977G19.11
4202,IL23A
4203,STAT2
4204,RBMS2
4205,MYO1A
4206,NAB2
4207,STAT6
4208,LRP1
4209,NXPH4
4210,SHMT2
4211,MARS1
4212,DDIT3
4213,SLC26A10
4214,TSPAN31
4215,CDK4
4216,LRIG3
4217,USP15
4218,RP11-631N16.2
4219,DPY19L2
4220,RXYLT1
4221,TBK1
4222,RASSF3
4223,TBC1D30
4224,LEMD3
4225,LINC02454
4226,LLPH
4227,IRAK3
4228,IFNG-AS1
4229,IFNG
4230,MDM1
4231,LINC02384
4232,RP11-81H14.1
4233,SLC35E3
4234,RP11-611O2.1
4235,RP11-611O2.5
4236,CPM
4237,CPSF6
4238,LYZ
4239,FRS2
4240,RP11-588G21.2
4241,RAB3IP
4242,PRANCR
4243,CNOT2
4244,PTPRB
4245,TSPAN8
4246,TRHDE
4247,ATXN7L3B
4248,GLIPR1
4249,RP11-290L1.2
4250,E2F7
4251,SYT1
4252,PAWR
4253,LIN7A
4254,ACSS3
4255,CCDC59
4256,C12orf29
4257,RP11-823E8.3
4258,POC1B-AS1
4259,ATP2B1-AS1
4260,LUM
4261,DCN
4262,RP11-796E2.4
4263,CLLU1-AS1
4264,CEP83-DT
4265,VEZT
4266,ELK3
4267,CDK17
4268,NEDD1
4269,SLC25A3
4270,APAF1
4271,UHRF1BP1L
4272,ARL1
4273,MYBPC1
4274,GNPTAB
4275,NUP37
4276,PARPBP
4277,IGF1
4278,C12orf42
4279,STAB2
4280,NFYB
4281,SLC41A2
4282,NUAK1
4283,POLR3B
4284,CRY1
4285,BTBD11
4286,RP11-689B22.2
4287,CORO1C
4288,SVOP
4289,UNG
4290,FAM222A
4291,TCHP
4292,C12orf76
4293,ATP2A2
4294,ANAPC7
4295,ARPC3
4296,FAM216A
4297,BRAP
4298,TMEM116
4299,ERP29
4300,NAA25
4301,RPH3A
4302,OAS1
4303,OAS3
4304,DTX1
4305,RASAL1
4306,RITA1
4307,SLC8B1
4308,SDS
4309,TBX3
4310,RP11-231I16.1
4311,TESC
4312,RFC5
4313,VSIG10
4314,SUDS3
4315,RP11-768F21.1
4316,TMEM233
4317,PRKAB1
4318,CIT
4319,BICDL1
4320,GCN1
4321,RPLP0
4322,PXN-AS1
4323,GATC
4324,SRSF9
4325,CABP1
4326,MLEC
4327,UNC119B
4328,SPPL3
4329,HNF1A
4330,C12orf43
4331,P2RX7
4332,ORAI1
4333,RHOF
4334,SETD1B
4335,BCL7A
4336,MLXIP
4337,CLIP1
4338,HCAR2
4339,HCAR1
4340,VPS37B
4341,RP11-463O12.3
4342,ABCB9
4343,ARL6IP4
4344,MPHOSPH9
4345,C12orf65
4346,KMT5A
4347,RILPL2
4348,RILPL1
4349,EIF2B1
4350,NCOR2
4351,SCARB1
4352,SLC15A4
4353,GLT1D1
4354,STX2
4355,RAN
4356,ADGRD1
4357,MMP17
4358,EP400
4359,NOC4L
4360,LINC02361
4361,PXMP2
4362,GOLGA3
4363,CHFR
4364,ZNF605
4365,ZNF891
4366,ZNF10
4367,RP11-61K9.3
4368,GJB2
4369,CRYL1
4370,IFT88
4371,XPO4
4372,MRPL57
4373,LINC00539
4374,ZDHHC20
4375,MIPEP
4376,SPATA13_ENSG00000182957
4377,MTMR6
4378,NUP58
4379,CDK8
4380,GPR12
4381,RPL21
4382,FLT3
4383,PAN3-AS1
4384,PAN3
4385,FLT1
4386,SLC46A3
4387,UBL3
4388,LINC00426
4389,HMGB1
4390,USPL1
4391,ALOX5AP
4392,HSPH1
4393,FRY-AS1
4394,N4BP2L1
4395,PDS5B
4396,RP11-380B4.3
4397,RFC3
4398,DCLK1
4399,SPART
4400,CCNA1
4401,RFXAP
4402,SMAD9
4403,COG6
4404,SLC25A15
4405,ELF1
4406,KBTBD6
4407,KBTBD7
4408,RGCC
4409,VWA8
4410,AKAP11
4411,TNFSF11
4412,EPSTI1
4413,DNAJC15
4414,CCDC122
4415,GTF2F2
4416,TPT1
4417,SLC25A30
4418,COG3
4419,LCP1
4420,RUBCNL
4421,LINC01198
4422,SUCLA2
4423,LINC00562
4424,ITM2B
4425,RB1
4426,LPAR6
4427,CYSLTR2
4428,FNDC3A
4429,CDADC1
4430,RCBTB1
4431,ARL11
4432,INTS6-AS1
4433,WDFY2
4434,RP11-147H23.3
4435,RP11-327P2.5
4436,ALG11
4437,VPS36
4438,RP11-245D16.4
4439,CKAP2
4440,HNRNPA1L2
4441,PCDH17
4442,DIAPH3
4443,BORA
4444,KLF12
4445,LINC00402
4446,TBC1D4
4447,LMO7
4448,KCTD12
4449,ACOD1
4450,MYCBP2
4451,EDNRB
4452,RBM26
4453,RBM26-AS1
4454,SPRY2
4455,GPC6
4456,GPR180
4457,ABCC4
4458,DZIP1
4459,UGGT2
4460,MBNL2
4461,IPO5
4462,FARP1
4463,DOCK9
4464,GPR183
4465,TM9SF2
4466,LINC00449
4467,CLYBL
4468,PCCA-DT
4469,PCCA
4470,GGACT
4471,ITGBL1
4472,TEX30
4473,EFNB2
4474,ARGLU1
4475,TNFSF13B
4476,MYO16
4477,COL4A1
4478,RAB20
4479,RP11-365P13.5
4480,ARHGEF7
4481,RP11-88E10.5
4482,ATP11A
4483,MCF2L
4484,MCF2L-AS1
4485,DCUN1D2
4486,TFDP1
4487,RASA3
4488,TTC5
4489,RPPH1_ENSG00000259001
4490,PARP2
4491,TEP1
4492,APEX1
4493,PIP4P1
4494,RNASE6
4495,RNASE1
4496,NDRG2
4497,RNASE7
4498,ARHGEF40
4499,ZNF219
4500,CHD8
4501,SALL2
4502,TRAV8-2
4503,TRDC
4504,TRAC
4505,MRPL52
4506,PRMT5
4507,C14orf93
4508,ACIN1
4509,C14orf119
4510,HOMEZ
4511,BCL2L2
4512,RP11-66N24.3
4513,DHRS2
4514,DHRS4-AS1
4515,PCK2
4516,IPO4
4517,RABGGTA
4518,NOP9
4519,CIDEB
4520,LTB4R
4521,ADCY4
4522,RIPK3
4523,NFATC4
4524,CTSG
4525,GZMH
4526,GZMB
4527,LINC01551
4528,RP11-596D21.1
4529,ARHGAP5-AS1
4530,EAPP
4531,BAZ1A
4532,PPP2R3C
4533,PSMA6
4534,RP11-561B11.3
4535,BRMS1L
4536,MBIP
4537,FOXA1
4538,TTC6
4539,CLEC14A
4540,LINC00639
4541,SEC23A
4542,GEMIN2
4543,PNN
4544,MIA2
4545,RP11-407N17.5
4546,FBXO33
4547,LRFN5
4548,C14orf28
4549,PRPF39
4550,FKBP3
4551,MIS18BP1
4552,RPS29
4553,KLHDC2
4554,NEMF
4555,RP11-596C23.6
4556,RP11-596C23.2
4557,LINC01588
4558,VCPKMT
4559,DMAC2L
4560,RP11-247L20.4
4561,CDKL1
4562,ATL1
4563,NIN
4564,PYGL
4565,TMX1
4566,LINC00640
4567,GNG2
4568,RP11-463J10.3
4569,PTGDR
4570,TXNDC16
4571,DDHD1
4572,BMP4
4573,SAMD4A
4574,GCH1
4575,FBXO34
4576,LINC00520
4577,CTD-2588E21.1
4578,PELI2
4579,EXOC5
4580,ARMH4
4581,PSMA3-AS1
4582,KIAA0586
4583,DACT1
4584,L3HYPDH
4585,DHRS7
4586,PPM1A
4587,SLC38A6
4588,HIF1A-AS3
4589,SNAPC1
4590,RHOJ
4591,PPP2R5E
4592,WDR89
4593,CTD-2302E22.6
4594,MTHFD1
4595,AKAP5
4596,MAX
4597,MPP5
4598,ATP6V1D
4599,PLEK2
4600,PIGH
4601,RDH11
4602,ACTN1
4603,GALNT16
4604,SLC39A9
4605,PLEKHD1
4606,SMOC1
4607,RP1-292L20.3
4608,PCNX1
4609,RP6-91H8.3
4610,SIPA1L1
4611,RGS6
4612,DPF3
4613,DCAF4
4614,ZFYVE1
4615,PAPLN
4616,NUMB
4617,RP1-240K6.4
4618,RIOX1
4619,ACOT2
4620,RP3-414A15.10
4621,RP5-1021I20.5
4622,BBOF1
4623,LIN52
4624,LTBP2
4625,YLPM1
4626,PGF
4627,LINC01220
4628,JDP2
4629,BATF
4630,FLVCR2
4631,TTLL5
4632,ANGEL1
4633,RP11-7F17.8
4634,CIPC
4635,GSTZ1
4636,TMED8
4637,AHSA1
4638,SPTLC2
4639,SNW1
4640,ADCK1
4641,NRXN3
4642,CEP128
4643,GTF2A1
4644,CTD-2506P8.6
4645,SEL1L
4646,FLRT2
4647,LINC02328
4648,GALC
4649,LINC01146
4650,RP11-681H18.2
4651,KCNK13
4652,NRDE2
4653,DGLUCY
4654,GPR68
4655,CTD-2547L24.4
4656,CCDC88C
4657,TC2N
4658,TRIP11
4659,CPSF2
4660,LGMN
4661,GOLGA5
4662,ITPK1-AS1
4663,UNC79
4664,ASB2
4665,DDX24
4666,IFI27L1
4667,IFI27
4668,IFI27L2
4669,SERPINA1
4670,RP11-986E7.7
4671,SNHG10
4672,TCL1A
4673,BDKRB1
4674,ATG2B
4675,LINC01550
4676,SETD3
4677,CCDC85C
4678,YY1
4679,MEG3
4680,MEG8
4681,DIO3
4682,PPP2R5C
4683,RP11-1017G21.5
4684,HSP90AA1
4685,ZNF839
4686,TECPR2
4687,AMN
4688,MARK3
4689,CKB
4690,TRMT61A
4691,BAG5
4692,KLC1
4693,RP11-894P9.1
4694,ZFYVE21
4695,ATP5MJ
4696,PLD4
4697,PACS2
4698,CRIP1
4699,TMEM121
4700,IGHA2
4701,IGHG4
4702,IGHG2
4703,IGHGP
4704,IGHA1
4705,IGHG1
4706,IGHG3
4707,IGHD
4708,IGHM
4709,IGHV3-13
4710,IGHV1-18
4711,IGHV3-23
4712,IGHV3-74
4713,NIPA2
4714,TUBGCP5
4715,RP11-701H24.9
4716,UBE3A
4717,ATP10A
4718,HERC2
4719,APBA2
4720,TJP1
4721,CHRFAM7A
4722,GOLGA8R
4723,RP11-932O9.9
4724,LINC02352
4725,OTUD7A
4726,GOLGA8N
4727,SCG5
4728,FMN1
4729,RYR3
4730,PGBD4
4731,SLC12A6
4732,LINC02345
4733,RASGRP1
4734,LINC02694
4735,THBS1
4736,GPR176
4737,SRP14-AS1
4738,PLCB2
4739,INAFM2
4740,CCDC9B
4741,PHGR1
4742,KNSTRN
4743,IVD
4744,CHST14
4745,GCHFR
4746,DNAJC17
4747,C15orf62
4748,SPINT1-AS1
4749,VPS18
4750,CHP1
4751,NUSAP1
4752,RTF1
4753,ITPKA
4754,MGA
4755,JMJD7-PLA2G4B
4756,RP11-265N6.1
4757,HAUS2
4758,STARD9
4759,CCNDBP1
4760,TP53BP1
4761,MAP1A
4762,STRC
4763,SERINC4
4764,HYPK
4765,WDR76
4766,GOLM2
4767,EIF3J
4768,SPG11
4769,B2M
4770,TRIM69
4771,DUOX1
4772,SLC28A2
4773,C15orf48
4774,SQOR
4775,RP11-154J22.1
4776,DUT
4777,FBN1
4778,FAM227B
4779,ATP8B4
4780,HDC
4781,GABPB1-AS1
4782,CTD-3110H11.1
4783,SPPL2A
4784,AP4E1
4785,GLDN
4786,CTD-2184D3.5
4787,GNB5
4788,MYO5A
4789,RAB27A
4790,CCPG1
4791,C15orf65
4792,PYGO1
4793,NEDD4
4794,ZNF280D
4795,LINC00926
4796,MYZAP
4797,ALDH1A2
4798,AQP9
4799,RP11-30K9.6
4800,CCNB2
4801,ICE2
4802,RORA
4803,VPS13C
4804,C2CD4A
4805,TLN2
4806,RAB8B
4807,APH1B
4808,CA12
4809,FBXL22
4810,DAPK2
4811,PCLAF
4812,RBPMS2
4813,PIF1
4814,CTD-2017F17.2
4815,RP11-325L12.6
4816,UBAP1L
4817,IGDCC4
4818,INTS14
4819,SLC24A1
4820,MAP2K1
4821,RPL4
4822,LCTL
4823,RP11-798K3.2
4824,SMAD3
4825,IQCH-AS1
4826,PIAS1
4827,CALML4
4828,ANP32A
4829,SPESP1
4830,PAQR5
4831,CTD-2524L6.3
4832,SENP8
4833,TMEM202-AS1
4834,RP11-1007O24.2
4835,ARIH1
4836,ADPGK
4837,NEO1
4838,CD276
4839,SEMA7A
4840,UBL7-AS1
4841,MPI
4842,COX5A
4843,C15orf39
4844,SIN3A
4845,PTPN9
4846,CTD-2026K11.4
4847,SNX33
4848,CSPG4
4849,UBE2Q2
4850,FBXO22
4851,ETFA
4852,RCN2
4853,TSPAN3
4854,PEAK1
4855,LINGO1
4856,CIB2
4857,ACSBG1
4858,DNAJA4
4859,WDR61
4860,PSMA4
4861,RASGRF1
4862,ST20
4863,BCL2A1
4864,ARNT2
4865,ABHD17C
4866,TMC3-AS1
4867,EFL1
4868,GOLGA6L9
4869,RPS17
4870,SNHG21
4871,WHAMM
4872,BTBD1
4873,TM6SF1
4874,UBE2Q2L
4875,ZSCAN2
4876,ALPK3
4877,PDE8A
4878,AKAP13
4879,RP11-815J21.4
4880,LINC02883
4881,MRPL46
4882,MRPS11
4883,AEN
4884,MFGE8
4885,CARMAL
4886,POLG
4887,MIR9-3HG
4888,PLIN1
4889,MESP2
4890,ANPEP
4891,AP3S2
4892,ZNF710
4893,NGRN
4894,BLM
4895,FAM174B
4896,CHD2
4897,RGMA
4898,LINC02207
4899,MCTP2
4900,LINC00924
4901,NR2F2-AS1
4902,NR2F2
4903,RP11-6O2.3
4904,RP11-526I2.5
4905,LINS1
4906,ASB7
4907,ALDH1A3
4908,LRRK1
4909,CHSY1
4910,SELENOS
4911,SNRPA1
4912,TARS3
4913,Z69666.2
4914,HBA2
4915,LA16c-OS12.2
4916,FAM234A
4917,PGAP6
4918,METTL26
4919,MCRIP2
4920,WDR90
4921,STUB1
4922,METRN
4923,CCDC78
4924,RPUSD1
4925,CHTF18
4926,SOX8
4927,TPSB2
4928,TPSAB1
4929,TPSD1
4930,BAIAP3
4931,TSR3
4932,LA16c-390E6.5
4933,SPSB3
4934,FAHD1
4935,SNHG9
4936,TBL3
4937,NPW
4938,SLC9A3R2
4939,TSC2
4940,PKD1
4941,SNHG19
4942,BRICD5
4943,PGP
4944,E4F1
4945,RNPS1
4946,TEDC2
4947,TBC1D24
4948,PDPK1
4949,CTD-3126B10.4
4950,PRSS27
4951,SRRM2
4952,PRSS21
4953,ZG16B
4954,FLYWCH2
4955,CLDN9
4956,TNFRSF12A
4957,HCFC1R1
4958,MMP25
4959,IL32
4960,RP11-473M20.9
4961,LA16c-360H6.3
4962,ADCY9
4963,SRL
4964,CORO7
4965,CDIP1
4966,UBALD1
4967,MGRN1
4968,NUDT16L1
4969,GLYR1
4970,METTL22
4971,TMEM186
4972,C16orf72
4973,ATF7IP2
4974,RP11-27M24.1
4975,TVP23A
4976,CIITA
4977,TXNDC11
4978,RP11-490O6.2
4979,RSL1D1-DT
4980,RP11-166B2.5
4981,NPIPB2
4982,TNFRSF17
4983,SNX29
4984,PARN
4985,BFAR
4986,NPIPA1
4987,NTAN1
4988,MPV17L
4989,MARF1
4990,CTB-193M12.5
4991,MYH11
4992,AF001548.5
4993,ABCC1
4994,ABCC6
4995,CTD-2576D5.4
4996,COQ7
4997,SYT17
4998,TMC5
4999,GDE1
5000,CCP110
5001,KNOP1
5002,IQCK
5003,GPRC5B
5004,ACSM5
5005,ERI2
5006,REXO5
5007,DCUN1D3
5008,LYRM1
5009,TMEM159
5010,NPIPB3
5011,IGSF6
5012,CDR2
5013,CTC-591M7.1
5014,HS3ST2
5015,SCNN1B
5016,CTD-2270L9.4
5017,GGA2
5018,PALB2
5019,DCTN5
5020,PRKCB
5021,LINC02175
5022,LCMT1
5023,ZKSCAN2-DT
5024,LINC02195
5025,CTD-3203P2.3
5026,IL4R
5027,IL21R
5028,IL21R-AS1
5029,GTF3C1
5030,KATNIP
5031,CLN3
5032,APOBR
5033,NUPR1
5034,EIF3C
5035,RP11-1348G14.4
5036,SH2B1
5037,CD19
5038,NFATC2IP
5039,RP11-264B17.2
5040,RP11-426C22.4
5041,BOLA2-SMG1P6
5042,SPN
5043,SEZ6L2
5044,ASPHD1
5045,HIRIP3
5046,ALDOA
5047,CTD-2515O10.5
5048,YPEL3
5049,RP11-455F5.3
5050,MAPK3
5051,CORO1A-AS1
5052,BOLA2B
5053,SULT1A3
5054,TBC1D10B
5055,DCTPP1
5056,SEPHS2
5057,ITGAL
5058,ZNF688
5059,ZNF785
5060,ZNF689
5061,ZNF629
5062,RP11-2C24.7
5063,BCL7C
5064,MIR762HG
5065,CTF1
5066,FBXL19-AS1
5067,HSD3B7
5068,STX1B
5069,PYCARD
5070,PYCARD-AS1
5071,ITGAM
5072,ITGAX
5073,ITGAD
5074,ARMC5
5075,ZNF267
5076,VPS35
5077,C16orf87
5078,NETO2
5079,LONP2
5080,BRD7
5081,SNX20
5082,HNRNPA1P48
5083,TOX3
5084,RP11-467J12.4
5085,CHD9
5086,AKTIP
5087,FTO
5088,CRNDE
5089,IRX5
5090,MMP2
5091,RP11-212I21.4
5092,CAPNS2
5093,CES1
5094,RP11-461O7.1
5095,GNAO1
5096,RP11-413H22.2
5097,BBS2
5098,MT2A
5099,RP11-249C24.10
5100,MT1E
5101,MT1A
5102,MT1X
5103,NUP93-DT
5104,HERPUD1
5105,CETP
5106,RSPRY1
5107,PLLP
5108,CCL22
5109,CX3CL1
5110,CCDC102A
5111,ADGRG1
5112,ADGRG3
5113,TEPP
5114,USB1
5115,CFAP20
5116,NDRG4
5117,SLC38A7
5118,CDH11
5119,TK2
5120,CKLF
5121,CMTM4
5122,RRAD
5123,CES2
5124,CES4A
5125,FBXL8
5126,LRRC29
5127,FHOD1
5128,TPPP3
5129,AGRP
5130,CTD-2012K14.6
5131,CARMIL2
5132,PARD6A
5133,GFOD2
5134,CENPT
5135,PSMB10
5136,LCAT
5137,SLC12A4
5138,DDX28
5139,SLC7A6OS
5140,CDH3
5141,CDH1
5142,HAS3
5143,CHTF8
5144,TMED6
5145,CYB5B
5146,NFAT5
5147,NOB1
5148,WWP2
5149,CLEC18A
5150,PDPR
5151,EXOSC6
5152,FCSK
5153,SF3B3
5154,MTSS2
5155,CMTR2
5156,ZNF19
5157,PHLPP2
5158,ZNF821
5159,DHX38
5160,LINC01572
5161,ZFHX3
5162,RP11-346C20.4
5163,AC140912.1
5164,RP11-252A24.3
5165,GLG1
5166,WDR59
5167,BCAR1
5168,CFDP1
5169,ADAT1
5170,KARS1
5171,TERF2IP
5172,ADAMTS18
5173,WWOX
5174,RP11-679B19.1
5175,MAF
5176,RP11-70D24.2
5177,MAFTRR
5178,DYNLRB2
5179,CMC2
5180,CENPN
5181,C16orf46
5182,GAN
5183,CMIP
5184,PLCG2
5185,MPHOSPH6
5186,CDH13
5187,MLYCD
5188,RP11-505K9.1
5189,RP11-486L19.2
5190,WFDC1
5191,ZDHHC7
5192,GSE1
5193,COX4I1
5194,IRF8
5195,FOXF1
5196,FOXC2
5197,KLHDC4
5198,LINC02182
5199,ZC3H18
5200,CYBA
5201,SNAI3
5202,RNF166
5203,CTU2
5204,PIEZO1
5205,RP5-1142A6.8
5206,CDT1
5207,APRT
5208,RP11-830F9.6
5209,SLC22A31
5210,RP11-46C24.7
5211,AC137932.4
5212,SPG7
5213,CPNE7
5214,DPEP1
5215,SPATA33
5216,LINC02166
5217,SPATA2L
5218,ZNF276
5219,FANCA
5220,GAS8
5221,RFLNB
5222,TIMM22
5223,PITPNA-AS1
5224,PITPNA
5225,SCARF1
5226,PRPF8
5227,RP11-961A15.3
5228,TLCD2
5229,SERPINF1
5230,RPA1
5231,HIC1
5232,METTL16
5233,RAP1GAP2
5234,P2RX5-TAX1BP3
5235,EMC6
5236,P2RX5
5237,ITGAE
5238,HASPIN
5239,ATP2A3
5240,CYB5D2
5241,ANKFY1
5242,SPNS3
5243,ARRB2
5244,MED11
5245,CXCL16
5246,VMO1
5247,PSMB6
5248,PLD2
5249,SLC25A11
5250,RNF167
5251,SPAG7
5252,RP5-1050D4.5
5253,INCA1
5254,KIF1C
5255,ZNF594
5256,ZNF594-DT
5257,SCIMP
5258,NUP88
5259,DERL2
5260,KIAA0753
5261,ALOX12-AS1
5262,BCL6B
5263,CLEC10A
5264,ASGR2
5265,ASGR1
5266,DVL2
5267,PHF23
5268,CTDNEP1
5269,CLDN7
5270,EIF5A
5271,ACAP1
5272,SPEM2
5273,RP11-186B7.7
5274,CD68
5275,SAT2
5276,TMEM88
5277,CYB5D1
5278,CHD3
5279,ALOX15B
5280,VAMP2
5281,TMEM107
5282,BORCS6
5283,AURKB
5284,LINC00324
5285,CTC1
5286,KRBA2
5287,NDEL1
5288,PIK3R5
5289,NTN1
5290,USP43
5291,GLP2R
5292,GAS7
5293,MYH3
5294,TMEM220
5295,MAP2K4
5296,ELAC2
5297,HS3ST3B1
5298,RP11-214O1.2
5299,TEKT3
5300,ADORA2B
5301,CTC-529I10.1
5302,TRPV2
5303,ZNF287
5304,CCDC144A
5305,TNFRSF13B
5306,SMCR5
5307,SREBF1
5308,SMCR8
5309,LINC02076
5310,TRIM16L
5311,GRAP
5312,EPN2
5313,B9D1
5314,MFAP4
5315,RNF112
5316,SLC47A1
5317,ALDH3A2
5318,ALDH3A1
5319,USP22
5320,MTRNR2L1
5321,LGALS9
5322,TMEM199
5323,SARM1
5324,VTN
5325,SLC46A1
5326,CTD-2350C19.2
5327,SLC13A2
5328,RSKR
5329,RPL23A
5330,FLOT2
5331,PHF12
5332,MYO18A
5333,RP11-296K13.4
5334,SLC6A4
5335,CTD-2349P21.12
5336,ATAD5
5337,ADAP2
5338,OMG
5339,RAB11FIP4
5340,COPRS
5341,UTP6
5342,LRRC37B
5343,RHOT1
5344,C17orf75
5345,RP11-227G15.8
5346,PSMD11
5347,MYO1D
5348,CCL11
5349,CCL13
5350,ZNF830
5351,LIG3
5352,RFFL
5353,RP11-47L3.1
5354,RP11-686D22.4
5355,SLFN12
5356,SLFN13
5357,PEX12
5358,MMP28
5359,CCL5
5360,CCL14
5361,CCL23
5362,CCL18
5363,CCL3-AS1
5364,CCL3
5365,CCL4
5366,AC131056.3
5367,CCL3L1
5368,CCL4L2
5369,AC131056.5
5370,AATF
5371,ACACA
5372,TADA2A
5373,SYNRG
5374,DDX52
5375,MRPL45
5376,ARHGAP23
5377,EPOP
5378,CTB-58E17.1
5379,CTB-58E17.3
5380,MLLT6
5381,PCGF2
5382,PIP4K2B
5383,CWC25
5384,RPL23
5385,LASP1
5386,STAC2
5387,FBXL20
5388,TCAP
5389,GRB7
5390,ORMDL3
5391,GSDMA
5392,CSF3
5393,MED24
5394,THRA
5395,RARA
5396,TNS4
5397,CCR7
5398,KRT10
5399,KRT23
5400,KRT15
5401,KRT19
5402,KRT14
5403,KRT16
5404,KRT17
5405,EIF1
5406,ACLY
5407,KAT2A
5408,RAB5C
5409,HCRT
5410,STAT3
5411,NAGLU
5412,HSD17B1
5413,COASY
5414,CTD-3193K9.4
5415,CTD-3193K9.11
5416,VPS25
5417,COA3
5418,RUNDC1
5419,RPL27
5420,ETV4
5421,DUSP3
5422,CD300LG
5423,MPP2
5424,ASB16-AS1
5425,UBTF
5426,GRN
5427,DBF4B
5428,GJC1
5429,EFTUD2
5430,GFAP
5431,FMNL1-DT
5432,FMNL1
5433,MAP3K14-AS1
5434,MAP3K14
5435,PLEKHM1
5436,RP11-798G7.6
5437,LINC02210-CRHR1
5438,FAM215B
5439,NSF
5440,GOSR2
5441,RP11-156P1.2
5442,CDC27
5443,NPEPPS
5444,TBX21
5445,OSBPL7
5446,LRRC46
5447,SCRN2
5448,PNPO
5449,CDK5RAP3
5450,SKAP1
5451,HOXB2
5452,HOXB4
5453,HOXB6
5454,HOXB8
5455,RP11-357H14.17
5456,ATP5MC1
5457,NGFR
5458,SPOP
5459,FAM117A
5460,DLX3
5461,ITGA3
5462,PPP1R9B
5463,SGCA
5464,COL1A1
5465,MRPL27
5466,EME1
5467,LRRC59
5468,ACSF2
5469,RP11-294J22.6
5470,TOB1
5471,MBTD1
5472,HLF
5473,PCTP
5474,C17orf67
5475,DGKE
5476,TRIM25
5477,RP11-166P13.4
5478,MRPS23
5479,CUEDC1
5480,VEZF1
5481,RP11-159D12.2
5482,MPO
5483,TSPOAP1
5484,TSPOAP1-AS1
5485,RP5-1171I10.5
5486,RNF43
5487,MTMR4
5488,SEPTIN4
5489,AC099850.1
5490,SKA2
5491,PRR11
5492,YPEL2
5493,DHX40
5494,RP11-758H9.2
5495,CLTC
5496,VMP1
5497,HEATR6-DT
5498,CA4
5499,USP32
5500,C17orf64
5501,PPM1D
5502,TBX2-AS1
5503,TBX2
5504,INTS2
5505,METTL2A
5506,MRC2
5507,TANC2
5508,TACO1
5509,STRADA
5510,FTSJ3
5511,CD79B
5512,ICAM2
5513,ERN1
5514,TEX2
5515,MILR1
5516,POLG2
5517,RP11-583F2.5
5518,RGS9
5519,PRKCA
5520,HELZ
5521,NOL11
5522,KPNA2
5523,RP11-147L13.15
5524,RP11-147L13.2
5525,SLC16A6
5526,PRKAR1A
5527,FAM20A
5528,LINC01482
5529,ABCA8
5530,ABCA9-AS1
5531,KCNJ2
5532,SOX9
5533,LINC00511
5534,SSTR2
5535,COG1
5536,CDC42EP4
5537,SDK2
5538,RPL38
5539,MGC16275
5540,KIF19
5541,GPRC5C
5542,CTD-2006K23.1
5543,CD300E
5544,RAB37
5545,CD300LF
5546,SLC9A3R1
5547,NAT9
5548,CDR2L
5549,KCTD2
5550,SLC16A5
5551,NT5C
5552,MRPS7
5553,MIF4GD
5554,SLC25A19
5555,TMEM94
5556,MYO15B
5557,ITGB4
5558,H3-3B
5559,CDK3
5560,SRP68
5561,RNF157
5562,UBALD2
5563,UBE2O
5564,MFSD11
5565,SEC14L1
5566,SEPTIN9
5567,TMC8
5568,TK1
5569,BIRC5
5570,PGS1
5571,CYTH1
5572,RP11-323N12.5
5573,LGALS3BP
5574,ENGASE
5575,CBX4
5576,GAA
5577,EIF4A3
5578,SGSH
5579,NPTX1
5580,CHMP6
5581,BAIAP2
5582,SLC38A10
5583,BAHCC1
5584,ACTG1
5585,FAAP100
5586,TSPAN10
5587,MRPL12
5588,SLC25A10
5589,RP11-498C9.3
5590,PCYT2
5591,MAFG-DT
5592,CENPX
5593,LRRC45
5594,FASN
5595,CCDC57
5596,SLC16A3
5597,LINC01970
5598,RP13-516M14.1
5599,CD7
5600,SECTM1
5601,CYBC1
5602,FN3KRP
5603,B3GNTL1
5604,METRNL
5605,AC144831.1
5606,CLUL1
5607,TYMS
5608,RP11-672L10.6
5609,ADCYAP1
5610,EMILIN2
5611,RP11-737O24.5
5612,RP11-737O24.1
5613,MYOM1
5614,MYL12A
5615,MYL12-AS1
5616,TGIF1
5617,GAPLINC
5618,DLGAP1-AS2
5619,LINC00526
5620,LINC00667
5621,EPB41L3
5622,L3MBTL4
5623,LAMA1
5624,NDUFV2-AS1
5625,RALBP1
5626,CHMP1B
5627,CIDEA
5628,TUBB6
5629,RP11-861E21.2
5630,SPIRE1
5631,LINC01882
5632,LDLRAD4
5633,FAM210A
5634,ANKRD30B
5635,SNRPD1
5636,LAMA3
5637,TTC39C
5638,TTC39C-AS1
5639,OSBPL1A
5640,IMPACT
5641,TAF4B
5642,DSC2
5643,RP11-53I6.3
5644,MAPRE2
5645,ZNF24
5646,RP11-322E11.5
5647,RP11-873E20.1
5648,RPRD1A
5649,SLC39A6
5650,MOCOS
5651,KIAA1328
5652,RP11-95O2.5
5653,SETBP1
5654,SLC14A2
5655,SLC14A1
5656,PSTPIP2
5657,HAUS1
5658,PIAS2
5659,KATNAL2
5660,SMAD2
5661,ZBTB7C
5662,SMAD7
5663,C18orf32
5664,ACAA2
5665,CXXC1
5666,ME2
5667,MBD2
5668,POLI
5669,RAB27B
5670,RP11-839G9.1
5671,TCF4
5672,TXNL1
5673,FECH
5674,NARS1
5675,NEDD4L
5676,SEC11C
5677,GRP
5678,PMAIP1
5679,RNF152
5680,PIGN
5681,TNFRSF11A
5682,PHLPP1
5683,BCL2
5684,RP11-299P2.2
5685,SERPINB5
5686,SERPINB2
5687,RP11-793J2.1
5688,SERPINB8
5689,CTD-2541J13.1
5690,CD226
5691,RTTN
5692,SOCS6
5693,DIPK1C
5694,ZNF407-AS1
5695,ZNF407
5696,ZADH2
5697,ZNF516
5698,ZNF236
5699,MBP
5700,RP11-4B16.4
5701,RP11-567M16.6
5702,HSBP1L1
5703,RBFADN
5704,PARD6G
5705,SOX12
5706,TBC1D20
5707,TCF15
5708,FAM110A
5709,ANGPT4
5710,PSMF1
5711,NSFL1C
5712,SIRPG
5713,SIRPA
5714,STK35
5715,SNRPB
5716,CPXM1
5717,PTPRA
5718,OXT
5719,UBOX5
5720,FASTKD5
5721,DDRGK1
5722,ITPA
5723,SIGLEC1
5724,CDC25B
5725,PANK2
5726,PRNP
5727,RASSF2
5728,RP5-1116H23.4
5729,GPCPD1
5730,RP5-967N21.11
5731,CRLS1
5732,BMP2
5733,PLCB1
5734,PLCB4
5735,PAK5
5736,JAG1
5737,BTBD3
5738,RP4-742J24.2
5739,TASP1
5740,DSTN
5741,MGME1
5742,KAT14
5743,ZNF133
5744,POLR3F
5745,SEC23B
5746,SMIM26
5747,NAA20
5748,RP1-198K11.5
5749,THBD
5750,CD93
5751,NXT1
5752,CST7
5753,RP5-965G21.3
5754,NANP
5755,RP3-324O17.8
5756,ID1
5757,TTLL9
5758,HCK
5759,TM9SF4
5760,ASXL1
5761,NOL4L
5762,DNMT3B
5763,MAPRE1
5764,CDK5RAP1
5765,CBFA2T2
5766,PXMP4
5767,ZNF341-AS1
5768,CHMP4B
5769,RALY-AS1
5770,EIF2S2
5771,MAP1LC3A
5772,PIGU
5773,MYH7B
5774,MMP24
5775,CPNE1
5776,CNBD2
5777,NORAD
5778,EPB41L1
5779,DLGAP4-AS1
5780,RAB5IF
5781,SLA2
5782,NDRG3
5783,SAMHD1
5784,RBL1
5785,BLCAP
5786,CTNNBL1
5787,VSTM2L
5788,TTI1
5789,RPRD1B
5790,RALGAPB
5791,FAM83D
5792,DHX35
5793,MAFB
5794,ZHX3
5795,MYBL2
5796,TOX2
5797,JPH2
5798,OSER1
5799,FITM2
5800,TTPAL
5801,PKIG
5802,ADA
5803,KCNK15
5804,PABPC1L
5805,TOMM34
5806,STK4
5807,SLPI
5808,SDC4
5809,RP3-453C12.15
5810,WFDC2
5811,DNTTIP1
5812,ACOT8
5813,ZSWIM3
5814,ZSWIM1
5815,NEURL2
5816,PLTP
5817,ZNF335
5818,MMP9
5819,CD40
5820,EYA2
5821,ZMYND8
5822,SULF2
5823,PREX1
5824,ZFAS1
5825,KCNB1
5826,SLC9A8
5827,CEBPB
5828,PELATON
5829,NFATC2
5830,TSHZ2
5831,RP11-15M15.1
5832,CSTF1
5833,CASS4
5834,TFAP2C
5835,RBM38
5836,ZBP1
5837,RAB22A
5838,STX16
5839,GNAS
5840,CTSZ
5841,ZNF831
5842,PPP1R3D
5843,LSM14B
5844,OSBPL2
5845,CABLES2
5846,SLCO4A1
5847,COL9A3
5848,TCFL5
5849,HAR1A
5850,YTHDF1
5851,EEF1A2
5852,MHENCR
5853,STMN3
5854,ZGPAT
5855,RP4-591C20.9
5856,TPD52L2
5857,ZNF512B
5858,SAMD10
5859,C20orf204
5860,SOX18
5861,PCMTD2
5862,CTD-3113P16.11
5863,MIER2
5864,TPGS1
5865,FGF22
5866,MISP
5867,AZU1
5868,ELANE
5869,KISS1R
5870,ARID3A
5871,WDR18
5872,CNN2
5873,ABCA7
5874,ARHGAP45
5875,SBNO2
5876,STK11
5877,PWWP3A
5878,NDUFS7
5879,GAMT
5880,DAZAP1
5881,RPS15
5882,REEP6
5883,PLK5
5884,TCF3
5885,ATP8B3
5886,CTB-31O20.3
5887,CTB-31O20.2
5888,MKNK2
5889,AP3D1
5890,GNG7
5891,SLC39A3
5892,THOP1
5893,ZNF555
5894,ZNF77
5895,TLE2
5896,AC005262.2
5897,GNA15
5898,S1PR4
5899,NCLN
5900,SMIM24
5901,CACTIN
5902,ATCAY
5903,ZBTB7A
5904,MAP2K2
5905,SIRT6
5906,EBI3
5907,YJU2
5908,TMIGD2
5909,AC007292.3
5910,SH3GL1
5911,UBXN6
5912,PLIN5
5913,CTB-50L17.14
5914,SEMA6B
5915,TNFAIP8L1
5916,FEM1A
5917,TICAM1
5918,PLIN3
5919,ARRDC5
5920,PTPRS
5921,NDUFA11
5922,CTC-232P5.3
5923,MLLT1
5924,CLPP
5925,PSPN
5926,KHSRP
5927,CRB3
5928,DENND1C
5929,CTD-2396E7.11
5930,TUBB4A
5931,TNFSF9
5932,CD70
5933,TNFSF14
5934,C3
5935,ADGRE1
5936,ARHGEF18
5937,PNPLA6
5938,CAMSAP3
5939,XAB2
5940,PCP2
5941,STXBP2
5942,RETN
5943,MCEMP1
5944,TRAPPC5
5945,FCER2
5946,CD209
5947,EVI5L
5948,MAP2K7
5949,CTXN1
5950,CERS4
5951,CD320
5952,NDUFA7
5953,KANK3
5954,RAB11B
5955,HNRNPM
5956,PRAM1
5957,ZNF317
5958,ZNF426
5959,ZNF426-DT
5960,ZNF121
5961,ZNF562
5962,UBL5
5963,COL5A3
5964,S1PR2
5965,MRPL4
5966,ICAM4
5967,ZGLP1
5968,CTD-2369P2.10
5969,ICAM3
5970,TYK2
5971,PDE4A
5972,S1PR5
5973,CDKN2D
5974,SLC44A2
5975,DNM2
5976,CARM1
5977,KANK2
5978,CCDC159
5979,CNN1
5980,ACP5
5981,ZNF440
5982,ZNF439
5983,ZNF700
5984,ZNF20
5985,ZNF136
5986,CTD-3105H18.14
5987,ZNF799
5988,ZNF443
5989,ZNF709
5990,ZNF791
5991,DHPS
5992,TNPO2
5993,HOOK2
5994,JUNB
5995,DNASE2
5996,CTC-425F1.4
5997,RAD23A
5998,GADD45GIP1
5999,NFIX
6000,LYL1
6001,CCDC130
6002,MRI1
6003,CC2D1A
6004,DCAF15
6005,RFX1
6006,SAMD1
6007,PRKACA
6008,ASF1B
6009,ADGRL1
6010,ADGRE5
6011,PKN1
6012,DNAJB1
6013,TECR
6014,CLEC17A
6015,ZNF333
6016,ADGRE2
6017,CASP14
6018,NOTCH3
6019,AKAP8
6020,WIZ
6021,RASAL3
6022,PGLYRP2
6023,CYP4F12
6024,HSH2D
6025,KLF2-DT
6026,KLF2
6027,CTD-2013N17.7
6028,CTD-3222D19.12
6029,CTD-3222D19.8
6030,MED26
6031,F2RL3
6032,CPAMD8
6033,USE1
6034,BABAM1
6035,ANKLE1
6036,ABHD8
6037,ANO8
6038,GTPBP3
6039,PLVAP
6040,PGLS-DT
6041,NIBAN3
6042,B3GNT3
6043,INSL3
6044,CCDC124
6045,ARRDC2
6046,IL12RB1
6047,PIK3R2
6048,IFI30
6049,PDE4C
6050,JUND
6051,PGPEP1
6052,ISYNA1
6053,FKBP8
6054,UBA52
6055,REX1BD
6056,DDX49
6057,HOMER3
6058,BORCS8
6059,RFXANK
6060,TM6SF2
6061,GATAD2A
6062,TSSK6
6063,PBX4
6064,GMIP
6065,ATP13A1
6066,ZNF14
6067,ZNF506
6068,ZNF682
6069,CTC-260E6.6
6070,ZNF486
6071,ZNF737
6072,ZNF626
6073,ZNF66
6074,ZNF714
6075,ZNF738
6076,ZNF100
6077,ZNF208
6078,ZNF676
6079,ZNF98
6080,ZNF724
6081,ZNF91
6082,ZNF675
6083,CTB-92J24.3
6084,CTD-2017D11.1
6085,PLEKHF1
6086,URI1
6087,ZNF507
6088,ANKRD27
6089,CEBPA
6090,KCTD15
6091,GARRE1
6092,CTD-2588C8.8
6093,WTIP
6094,ZNF302
6095,ZNF181
6096,ZNF792
6097,SCN1B
6098,FXYD1
6099,FXYD7
6100,FXYD5
6101,USF2
6102,CD22
6103,TMEM147
6104,RBM42
6105,ETV2
6106,COX6B1
6107,ZBTB32
6108,IGFLR1
6109,U2AF1L4
6110,HSPB6
6111,PROSER3
6112,NPHS1
6113,NFKBID
6114,TYROBP
6115,COX7A1
6116,ZNF146
6117,ZFP14
6118,ZFP82
6119,ZNF461
6120,ZNF567
6121,ZNF790
6122,ZNF420
6123,ZNF383
6124,ZNF527
6125,ZNF569
6126,ZNF570
6127,ZNF781
6128,ZNF607
6129,ZNF573
6130,SPINT2
6131,KCNK6
6132,PSMD8
6133,SPRED3
6134,MAP4K1
6135,CAPN12
6136,LGALS4
6137,NCCRP1
6138,MED29
6139,PLEKHG2
6140,TIMM50
6141,FCGBP
6142,PSMC4
6143,ZNF780A
6144,PLD3
6145,MIA
6146,CYP2S1
6147,HNRNPUL1
6148,TGFB1
6149,PCAT19
6150,LINC01480
6151,CEACAM3
6152,RPS19
6153,CD79A
6154,ARHGEF1
6155,ATP1A3
6156,POU2F2
6157,CTC-378H22.2
6158,PAFAH1B3
6159,CNFN
6160,LIPE-AS1
6161,CEACAM8
6162,PHLDB3
6163,IRGQ
6164,CADM4
6165,KCNN4
6166,ZNF283
6167,ZNF404
6168,ZNF45
6169,ZNF221
6170,ZNF230
6171,ZNF222
6172,ZNF224
6173,ZNF227
6174,BCL3
6175,APOE
6176,APOC1
6177,TRAPPC6A
6178,PPP1R13L
6179,VASP
6180,OPA3
6181,GPR4
6182,EML2
6183,GIPR
6184,QPCTL
6185,FBXO46
6186,DMWD
6187,SYMPK
6188,IRF2BP1
6189,IGFL2
6190,HIF3A
6191,PNMA8A
6192,PPP5D1
6193,CTB-158D10.3
6194,CALM3
6195,DACT3
6196,FKRP
6197,C5AR1
6198,C5AR2
6199,CTD-3001H11.2
6200,SELENOW
6201,LIG1
6202,EMP3
6203,GRWD1
6204,CYTH2
6205,LMTK3
6206,SPHK2
6207,DBP
6208,IZUMO1
6209,BCAT2
6210,HSD17B14
6211,PLEKHA4
6212,PPP1R15A
6213,TULP2
6214,BAX
6215,RUVBL2
6216,SNRNP70
6217,CD37
6218,RCN3
6219,NOSIP
6220,PRR12
6221,SCAF1
6222,ADM5
6223,CPT1C
6224,AP2A1
6225,FUZ
6226,AC006942.4
6227,PTOV1-AS1
6228,TBC1D17
6229,IL4I1
6230,VRK3
6231,ZNF473
6232,POLD1
6233,SPIB
6234,EMC10
6235,CTD-2545M3.8
6236,JOSD2
6237,CLEC11A
6238,C19orf48
6239,KLK5
6240,KLK6
6241,KLK7
6242,KLK8
6243,SIGLEC7
6244,CD33
6245,ETFB
6246,NKG7
6247,SIGLEC10
6248,SIGLEC14
6249,SPACA6P-AS
6250,FPR2
6251,FPR3
6252,ZNF616
6253,ZNF836
6254,ZNF578
6255,ZNF701
6256,ZNF611
6257,ZNF888
6258,ZNF816
6259,ZNF415
6260,ZNF665
6261,ZNF525
6262,ZNF765
6263,ZNF813
6264,ZNF331
6265,NLRP12
6266,CACNG8
6267,OSCAR
6268,NDUFA3
6269,TFPT
6270,PRPF31
6271,LENG1
6272,LILRB5
6273,LILRB2
6274,LILRA5
6275,LILRA4
6276,LENG8
6277,CDC42EP5
6278,LAIR2
6279,LILRA2
6280,LILRA1
6281,LILRB1
6282,LILRB4
6283,KIR2DL3
6284,KIR2DL4
6285,KIR3DL1
6286,KIR3DL2
6287,FCAR
6288,CTB-61M7.2
6289,NCR1
6290,NLRP2
6291,GP6-AS1
6292,EPS8L1
6293,SYT5
6294,PPP6R1
6295,CTD-2105E13.16
6296,TMEM238
6297,UBE2S
6298,ZNF628
6299,SSC5D
6300,ZNF784
6301,CCDC106
6302,ZNF787
6303,EDDM13
6304,ZNF582
6305,ZNF582-DT
6306,ZFP28
6307,ZNF71
6308,CTC-444N24.8
6309,TRAPPC2B
6310,ZNF749
6311,VN1R1
6312,ZNF772
6313,ZNF773
6314,ZNF549
6315,ZNF550
6316,ZNF416
6317,ZNF211
6318,ZNF154
6319,ZNF671
6320,ZNF586
6321,ZNF552
6322,ZNF814
6323,ZNF417
6324,ZNF329
6325,ZNF274
6326,ZNF8
6327,ZSCAN22
6328,CTD-2619J13.17
6329,ZNF132
6330,ZNF324B
6331,ZNF324
6332,SLC27A5
6333,CHMP2A
6334,MZF1-AS1
6335,MZF1
6336,LINC00266-4P
6337,LA16c-60D12.2
6338,AC006946.16
6339,ADA2
6340,BCL2L13
6341,XXbac-B476C20.9
6342,PEX26
6343,FAM230J
6344,DGCR6
6345,MRPL40
6346,AC000068.10
6347,CLDN5
6348,TBX1
6349,RTL10
6350,TXNRD2
6351,COMT
6352,TANGO2
6353,AC006547.15
6354,RANBP1
6355,DGCR6L
6356,ZNF74
6357,KLHL22
6358,MED15
6359,PI4KA
6360,AIFM3
6361,THAP7-AS1
6362,PPIL2
6363,PPM1F-AS1
6364,TOP3B
6365,IGLV6-57
6366,LL22NC03-2H8.5
6367,IGLV1-44
6368,IGLV2-23
6369,IGLC2
6370,GNAZ
6371,ZNF70
6372,CHCHD10
6373,DERL3
6374,KB-1125A3.12
6375,MIF-AS1
6376,AP000350.5
6377,GGT5
6378,SPECC1L
6379,GUCD1
6380,SNRPD3
6381,KB-1995A5.5
6382,SGSM1
6383,KIAA1671
6384,LRP5L
6385,GRK3
6386,SRRD
6387,TFIP11
6388,CRYBA4
6389,MIAT
6390,PITPNB
6391,XBP1
6392,EWSR1
6393,NEFH
6394,THOC5
6395,NIPSNAP1
6396,NF2
6397,MTMR3
6398,RP3-394A18.1
6399,OSM
6400,CASTOR1
6401,TBC1D10A
6402,SF3A1
6403,SEC14L2
6404,RP4-539M6.22
6405,TCN2
6406,SELENOM
6407,DRG1
6408,YWHAH
6409,TIMP3
6410,SC22CB-1D7.1
6411,HMGXB4
6412,HMOX1
6413,RP1-78B3.1
6414,FOXRED2
6415,NCF4
6416,CSF2RB
6417,TST
6418,MPST
6419,KCTD17
6420,IL2RB
6421,RAC2
6422,LGALS2
6423,GGA1
6424,LGALS1
6425,NOL12
6426,TRIOBP
6427,H1-0
6428,SLC16A8
6429,BAIAP2L2
6430,CTA-228A9.3
6431,MAFF
6432,CSNK1E
6433,TPTEP2-CSNK1E
6434,DDX17
6435,CBY1
6436,GTPBP1
6437,SUN2
6438,DNAL4
6439,APOBEC3B
6440,APOBEC3C
6441,APOBEC3G
6442,APOBEC3H
6443,RP4-742C19.13
6444,PDGFB
6445,RP3-333H23.8
6446,RPL3
6447,SYNGR1
6448,MIEF1
6449,RP3-370M22.8
6450,ADSL
6451,SGSM3
6452,SLC25A17
6453,XPNPEP3
6454,ZC3H7B
6455,TEF
6456,C22orf46
6457,MEI1
6458,TNFRSF13C
6459,WBP2NL
6460,NAGA
6461,TCF20
6462,OGFRP1
6463,RRP7A
6464,SERHL2
6465,RNU12_ENSG00000270022
6466,A4GALT
6467,TTLL1
6468,TSPO
6469,TTLL12
6470,PARVG
6471,RTL6
6472,NUP50-DT
6473,NUP50
6474,RIBC2
6475,FBLN1
6476,PRR34
6477,PRR34-AS1
6478,MIRLET7BHG
6479,PPARA
6480,CDPF1
6481,TTC38
6482,TRMU
6483,TBC1D22A
6484,C22orf34
6485,RP11-494O16.4
6486,ALG12
6487,CITF22-49E9.3
6488,MLC1
6489,PANX2
6490,RP3-402G11.25
6491,MAPK11
6492,PLXNB2
6493,SBF1
6494,CHKB
6495,CHKB-DT
6496,ARSA
6497,GATD3B
6498,CH507-9B2.5
6499,SMIM34B
6500,SAMSN1
6501,AF127936.9
6502,NRIP1
6503,CXADR
6504,LINC01684
6505,MIR155HG
6506,MRPL39
6507,JAM2
6508,GABPA
6509,CYYR1
6510,RWDD2B
6511,MAP3K7CL
6512,CLDN8
6513,TIAM1
6514,SOD1
6515,SCAF4
6516,MIS18A
6517,EVA1C
6518,SYNJ1
6519,C21orf62-AS1
6520,IFNAR2
6521,IFNAR1
6522,TMEM50B
6523,DNAJC28
6524,CRYZL1
6525,ITSN1
6526,ATP5PO
6527,LINC00649
6528,MRPS6
6529,SLC5A3
6530,SMIM11A
6531,KCNE1
6532,RCAN1
6533,RUNX1
6534,CBR3
6535,MORC3
6536,CLDN14
6537,TTC3
6538,DSCR9
6539,DYRK1A
6540,PSMG1
6541,HMGN1
6542,B3GALT5
6543,FAM3B
6544,MX2
6545,ABCG1
6546,TFF3
6547,TFF1
6548,UBASH3A
6549,NDUFV3
6550,RRP1B
6551,CSTB
6552,AATBC
6553,TRAPPC10
6554,PWP2
6555,GATD3A
6556,AP001055.8
6557,ICOSLG
6558,AP001059.6
6559,AP001059.7
6560,TRPM2
6561,UBE2G2
6562,ITGB2-AS1
6563,FAM207A
6564,ADARB1
6565,LL21NC02-21A1.1
6566,LSS
6567,MCM3AP-AS1
6568,YBEY
6569,DIP2A
6570,S100B
6571,PRMT2
6572,MT-CO1
6573,MT-ATP6
6574,MT-CYB
6575,ENSG00000276256.1
6576,ENSG00000278384.1
